itemId,itemNm,brandNm,displayPrc,strikeOutPrc,siteNm,salestrNm,itemLnkd,itemImgUrl,itemOrdQty,itemOrdQtyTxt,page
1000061531698,시리얼 첵스초코 4종 1+1+1 골라담기+락앤락 증정,켈로그,16970,17500,,S.COM몰,https://www.ssg.com/item/itemView.ssg?itemId=1000061531698&siteNo=6004&salestrNo=6005,https://sitem.ssgcdn.com/98/16/53/item/1000061531698_i1_500.jpg,142,주목할만한 상품,1
1000033221501,2026 봄 특집  리빙페어&렌쇼페,클라르하임,28700,,신세계백화점,본점,https://www.ssg.com/item/dealItemView.ssg?itemId=1000033221501&siteNo=6009&salestrNo=1002&advertBidId=1020469576&advertExtensTeryDivCd=10,https://sitem.ssgcdn.com/01/15/22/item/1000033221501_i1_500.jpg,902,주목할만한 상품,1
1000818587621,[해태제과] 과자/간식 GS칼텍스/이마트 쿠폰 응모 이벤트,,12580,,이마트,월계점,https://www.ssg.com/item/dealItemView.ssg?itemId=1000818587621&siteNo=6001&salestrNo=2037,https://sitem.ssgcdn.com/21/76/58/item/1000818587621_i1_500.jpg,2419,주목할만한 상품,1
1000440020581,인기 시리얼 할인,켈로그,9980,,이마트,월계점,https://www.ssg.com/item/dealItemView.ssg?itemId=1000440020581&siteNo=6001&salestrNo=2037&advertBidId=1020470317&advertExtensTeryDivCd=10,https://sitem.ssgcdn.com/81/05/02/item/1000440020581_i1_500.jpg,22081,주목할만한 상품,1
1000554035457,[스타벅스+쓱7클럽]미니탱크 런칭 & 클리어런스,스타벅스,25000,,,S.COM몰,https://www.ssg.com/item/dealItemView.ssg?itemId=1000554035457&siteNo=6004&salestrNo=6005,https://sitem.ssgcdn.com/57/54/03/item/1000554035457_i1_500.jpg,1197,주목할만한 상품,1
1000411272071,[본사배송][냉장] 고메 함박스테이크 (함박5+치즈함박5),CJ제일제당,22900,37300,,S.COM몰,https://www.ssg.com/item/itemView.ssg?itemId=1000411272071&siteNo=6004&salestrNo=6005&advertBidId=1020469833&advertExtensTeryDivCd=10,https://sitem.ssgcdn.com/71/20/27/item/1000411272071_i1_500.jpg,0,주목할만한 상품,1
1000817531476,[쓱7클럽][본사배송] 비비고 생선구이 (연어스테이크2+순살고등어구이2),CJ제일제당,19200,29920,,S.COM몰,https://www.ssg.com/item/itemView.ssg?itemId=1000817531476&siteNo=6004&salestrNo=6005,https://sitem.ssgcdn.com/76/14/53/item/1000817531476_i1_500.jpg,63,주목할만한 상품,1
1000304996494,코디 생필품 ~1+1,,27800,,이마트,월계점,https://www.ssg.com/item/dealItemView.ssg?itemId=1000304996494&siteNo=6001&salestrNo=2037&advertBidId=1020470161&advertExtensTeryDivCd=10,https://sitem.ssgcdn.com/94/64/99/item/1000304996494_i1_500.jpg,329,주목할만한 상품,1
1000170375530,아이스크림 행사로 구매하기,,7000,,이마트,월계점,https://www.ssg.com/item/dealItemView.ssg?itemId=1000170375530&siteNo=6001&salestrNo=2037,https://sitem.ssgcdn.com/30/55/37/item/1000170375530_i1_500.jpg,11320,주목할만한 상품,1
1000551703694,인기 제철먹거리 (망고/고구마/토마토/키위/오렌지 등),자연맛남,26900,,,S.COM몰,https://www.ssg.com/item/dealItemView.ssg?itemId=1000551703694&siteNo=6004&salestrNo=6005&advertBidId=1020469840&advertExtensTeryDivCd=10,https://sitem.ssgcdn.com/94/36/70/item/1000551703694_i1_500.jpg,3018,주목할만한 상품,1
1000676022729,봄 데일리룩 제안 ~30% 쿠폰 즉시 할인,GGPX,23826,,,S.COM몰,https://www.ssg.com/item/dealItemView.ssg?itemId=1000676022729&siteNo=6004&salestrNo=6005,https://sitem.ssgcdn.com/29/27/02/item/1000676022729_i1_500.jpg,0,주목할만한 상품,1
1000632094733,[한국마즈]이클립스/비카인드 쓱새벽배송,,2180,,이마트,월계점,https://www.ssg.com/item/dealItemView.ssg?itemId=1000632094733&siteNo=6001&salestrNo=2037&advertBidId=1020470001&advertExtensTeryDivCd=10,https://sitem.ssgcdn.com/33/47/09/item/1000632094733_i1_500.jpg,32862,주목할만한 상품,1
1000812901984,"[럭키박스][15%쿠폰적용가:33,915원][정가564,600원 93%]다이아 글로우 럭키박스",샬랑 드 파리,39900,,,S.COM몰,https://www.ssg.com/item/itemView.ssg?itemId=1000812901984&siteNo=6004&salestrNo=6005,https://sitem.ssgcdn.com/84/19/90/item/1000812901984_i1_500.jpg,0,주목할만한 상품,1
1000686922772,[SSG단독] 샬랑 드 파리 럭셔리 뷰티템 ~90% 특가전,샬랑 드 파리,7900,,,S.COM몰,https://www.ssg.com/item/dealItemView.ssg?itemId=1000686922772&siteNo=6004&salestrNo=6005&advertBidId=1020470125&advertExtensTeryDivCd=10,https://sitem.ssgcdn.com/72/27/92/item/1000686922772_i1_500.jpg,476,주목할만한 상품,1
1000817967964,행사품목 모음전,피코크,7984,,이마트,월계점,https://www.ssg.com/item/dealItemView.ssg?itemId=1000817967964&siteNo=6001&salestrNo=2037,https://sitem.ssgcdn.com/64/79/96/item/1000817967964_i1_500.jpg,33836,주목할만한 상품,1
1000623997137,[셀렉스] 프리미엄 단백질 프로틴 드링크/파우더 외 특가,,24900,,이마트,월계점,https://www.ssg.com/item/dealItemView.ssg?itemId=1000623997137&siteNo=6001&salestrNo=2037&advertBidId=1020470324&advertExtensTeryDivCd=10,https://sitem.ssgcdn.com/37/71/99/item/1000623997137_i1_500.jpg,0,주목할만한 상품,1
1000051384223,전국팔도 쌀 잡곡 할인특가!,이쌀이다,35020,,,S.COM몰,https://www.ssg.com/item/dealItemView.ssg?itemId=1000051384223&siteNo=6004&salestrNo=6005,https://sitem.ssgcdn.com/23/42/38/item/1000051384223_i1_500.jpg,4159,주목할만한 상품,1
1000624217448,"최대 16% 즉시할인 쿠폰, 대표 건강식품 알파CD 증정 특가전!",순수식품,28530,,,S.COM몰,https://www.ssg.com/item/dealItemView.ssg?itemId=1000624217448&siteNo=6004&salestrNo=6005&advertBidId=1020469772&advertExtensTeryDivCd=10,https://sitem.ssgcdn.com/48/74/21/item/1000624217448_i1_500.jpg,0,주목할만한 상품,1
1000812841413,NEW 프라다 패러독스 핸드 크림 50ML,프라다 뷰티,85000,,신세계백화점,강남점,https://www.ssg.com/item/itemView.ssg?itemId=1000812841413&siteNo=6009&salestrNo=1004,https://sitem.ssgcdn.com/13/14/84/item/1000812841413_i1_500.jpg,0,주목할만한 상품,1
1000818424846,[쓱7클럽]산과들에 원데이그래놀라초코바 30봉,산과들에,9800,13900,,S.COM몰,https://www.ssg.com/item/itemView.ssg?itemId=1000818424846&siteNo=6001&salestrNo=6005,https://sitem.ssgcdn.com/46/48/42/item/1000818424846_i1_500.jpg,20,주목할만한 상품,1
1000056122762,베스트 아이템 기획전,나이키,25200,,신세계백화점,본점,https://www.ssg.com/item/dealItemView.ssg?itemId=1000056122762&siteNo=6009&salestrNo=1002,https://sitem.ssgcdn.com/62/27/12/item/1000056122762_i1_500.jpg,1947,주목할만한 상품,1
1000686585821,"[럭키박스][15%쿠폰 적용가:15,895원] 세안 바디 헤어 7종 세트 (본품6+증정)",동구밭,18700,59500,,S.COM몰,https://www.ssg.com/item/itemView.ssg?itemId=1000686585821&siteNo=6004&salestrNo=6005,https://sitem.ssgcdn.com/21/58/58/item/1000686585821_i1_500.jpg,0,주목할만한 상품,1
1000520605454,김치 2개구매시 1만원 할인,종가,15900,,이마트,월계점,https://www.ssg.com/item/dealItemView.ssg?itemId=1000520605454&siteNo=6001&salestrNo=2037,https://sitem.ssgcdn.com/54/54/60/item/1000520605454_i1_500.jpg,89,주목할만한 상품,1
1000326542939,"시원한 쿨맥스 데님팬츠 - 7L11640,7L21640",네파,47025,55000,신세계백화점,대구신세계,https://www.ssg.com/item/itemView.ssg?itemId=1000326542939&siteNo=6009&salestrNo=1019,https://sitem.ssgcdn.com/39/29/54/item/1000326542939_i1_500.jpg,294,주목할만한 상품,1
1000034863168,"간편 수산물 골라담기(순살고등어, 손질오징어 외)",인정식탁,15900,,,S.COM몰,https://www.ssg.com/item/dealItemView.ssg?itemId=1000034863168&siteNo=6001&salestrNo=6005,https://sitem.ssgcdn.com/68/31/86/item/1000034863168_i1_500.jpg,42,주목할만한 상품,1
1000809737501,신일 5엽 14인치 기계식 스탠드 선풍기 SIF-C84WK,신일전자,49900,,,S.COM몰,https://www.ssg.com/item/itemView.ssg?itemId=1000809737501&siteNo=6004&salestrNo=6005,https://sitem.ssgcdn.com/01/75/73/item/1000809737501_i1_500.jpg,122,주목할만한 상품,1
1000062871118,[쓱 세일단독] 아이 섀도우 1+1,로라메르시에,46997,57000,신세계백화점,강남점,https://www.ssg.com/item/itemView.ssg?itemId=1000062871118&siteNo=6009&salestrNo=1004,https://sitem.ssgcdn.com/18/11/87/item/1000062871118_i1_500.jpg,10,주목할만한 상품,1
1000722727186,3만원 구매시 7천원 할인,동원,4480,,이마트,월계점,https://www.ssg.com/item/dealItemView.ssg?itemId=1000722727186&siteNo=6001&salestrNo=2037,https://sitem.ssgcdn.com/86/71/72/item/1000722727186_i1_500.jpg,42964,주목할만한 상품,1
1000360892717,"[정상가:113,000원] JUM25M92 아이더 키즈 UNI 티+바지 세트 / 땀배출,아이스,신축성,선물추천",아이더,33516,39200,신세계백화점,센텀시티점,https://www.ssg.com/item/itemView.ssg?itemId=1000360892717&siteNo=6009&salestrNo=1009,https://sitem.ssgcdn.com/17/27/89/item/1000360892717_i1_500.jpg,538,주목할만한 상품,1
1000808424311,[상품권] 올아워 블러 쿠션,입생로랑,98325,115000,신세계백화점,강남점,https://www.ssg.com/item/itemView.ssg?itemId=1000808424311&siteNo=6009&salestrNo=1004,https://sitem.ssgcdn.com/11/43/42/item/1000808424311_i1_500.jpg,0,주목할만한 상품,1
1000059669305,부드럽고 고소한 연어 ~40% 특가,SSG 바이어 엄선,10384,,,emart NE.O.004,https://www.ssg.com/item/dealItemView.ssg?itemId=1000059669305&siteNo=7009&salestrNo=2551,https://sitem.ssgcdn.com/05/93/66/item/1000059669305_i1_500.jpg,8195,주목할만한 상품,1
1000708179649,트루마리 화장지 시리즈,수목제지,31255,,,S.COM몰,https://www.ssg.com/item/dealItemView.ssg?itemId=1000708179649&siteNo=6004&salestrNo=6005,https://sitem.ssgcdn.com/49/96/17/item/1000708179649_i1_500.jpg,4381,주목할만한 상품,1
1000597439129,[New Performance] 아디다스 런닝화 갤럭시7,아디다스,44200,52000,신세계백화점,대구신세계,https://www.ssg.com/item/itemView.ssg?itemId=1000597439129&siteNo=6009&salestrNo=1019,https://sitem.ssgcdn.com/29/91/43/item/1000597439129_i1_500.jpg,10517,주목할만한 상품,1
1000818012635,다우니/스너글 섬유유연제 ~1+1 (4/16~29),,23300,,이마트,월계점,https://www.ssg.com/item/dealItemView.ssg?itemId=1000818012635&siteNo=6001&salestrNo=2037,https://sitem.ssgcdn.com/35/26/01/item/1000818012635_i1_500.jpg,6653,주목할만한 상품,1
1000816105387,[쓱7클럽]제주 카라향 3kg 15-20과 소과,다농이네,16800,19800,,S.COM몰,https://www.ssg.com/item/itemView.ssg?itemId=1000816105387&siteNo=6004&salestrNo=6005,https://sitem.ssgcdn.com/87/53/10/item/1000816105387_i1_500.jpg,214,주목할만한 상품,1
1000732914001,남여공용 럭스 경량 하이킹 트레킹 운동화 DXSH4524N,디스커버리,63698,74500,신세계백화점,대구신세계,https://www.ssg.com/item/itemView.ssg?itemId=1000732914001&siteNo=6009&salestrNo=1019,https://sitem.ssgcdn.com/01/40/91/item/1000732914001_i1_500.jpg,257,주목할만한 상품,1
1000809126109,[상온] 설성목장  한돈 어린이 육포 (4-5개입) 25g,설성목장,3430,4900,,S.COM몰,https://www.ssg.com/item/itemView.ssg?itemId=1000809126109&siteNo=6004&salestrNo=6005,https://sitem.ssgcdn.com/09/61/12/item/1000809126109_i1_500.jpg,109,주목할만한 상품,1
1000818407960,[쓱7클럽][페페브루노] 엑스트라버진 올리브오일 1L,페페브루노,16700,23900,,S.COM몰,https://www.ssg.com/item/itemView.ssg?itemId=1000818407960&siteNo=6001&salestrNo=6005,https://sitem.ssgcdn.com/60/79/40/item/1000818407960_i1_500.jpg,26,주목할만한 상품,1
1000800189552,GO! GO! 미니 타일 자석 + 전용 틴케이스 세트,아이키움북,16900,21600,,S.COM몰,https://www.ssg.com/item/itemView.ssg?itemId=1000800189552&siteNo=6004&salestrNo=6005,https://sitem.ssgcdn.com/52/95/18/item/1000800189552_i1_500.jpg,0,주목할만한 상품,1
1000038488527,브랜드위크! 26SPRING 셀럽PICK ~50% + 다운로드 추가 5%,온앤온,83486,,신세계백화점,본점,https://www.ssg.com/item/dealItemView.ssg?itemId=1000038488527&siteNo=6009&salestrNo=1002,https://sitem.ssgcdn.com/27/85/48/item/1000038488527_i1_500.jpg,775,주목할만한 상품,2
1000793586912,순 유기농 레몬즙 100 15포 10박스 총 150포,메디트리,29900,,,S.COM몰,https://www.ssg.com/item/itemView.ssg?itemId=1000793586912&siteNo=6001&salestrNo=6005,https://sitem.ssgcdn.com/12/69/58/item/1000793586912_i1_500.jpg,0,주목할만한 상품,2
1000216223687,[나이키코리아공식]BEST전품목한정수량선착순~50%SALE,나이키,76160,,,S.COM몰,https://www.ssg.com/item/dealItemView.ssg?itemId=1000216223687&siteNo=6004&salestrNo=6005,https://sitem.ssgcdn.com/87/36/22/item/1000216223687_i1_500.jpg,15201,주목할만한 상품,2
1000788996603,압도적 혜택 최저가 도전! 슈즈MD 추천제안,STACCATO,61200,,신세계백화점,본점,https://www.ssg.com/item/dealItemView.ssg?itemId=1000788996603&siteNo=6009&salestrNo=1002,https://sitem.ssgcdn.com/03/66/99/item/1000788996603_i1_500.jpg,0,주목할만한 상품,2
1000818637512,농림축산식품부 할인행사,,3480,,이마트,월계점,https://www.ssg.com/item/dealItemView.ssg?itemId=1000818637512&siteNo=6001&salestrNo=2037,https://sitem.ssgcdn.com/12/75/63/item/1000818637512_i1_500.jpg,94397,주목할만한 상품,2
1000034609976,"[라인어디션] SPRING TO SUMMER SALE, 최대 75% + 쿠폰",LINE,41820,,신세계백화점,본점,https://www.ssg.com/item/dealItemView.ssg?itemId=1000034609976&siteNo=6009&salestrNo=1002,https://sitem.ssgcdn.com/76/99/60/item/1000034609976_i1_500.jpg,65,주목할만한 상품,2
1000780800559,[신세계TV쇼핑] 지금 입기 좋은 패션 제안! 에디티드 外,EDITED,71100,,,S.COM몰,https://www.ssg.com/item/dealItemView.ssg?itemId=1000780800559&siteNo=6004&salestrNo=6005,https://sitem.ssgcdn.com/59/05/80/item/1000780800559_i1_500.jpg,20,주목할만한 상품,2
1000818643654,SSGONLY 셰프컬렉션 ~1+1,,6986,,,emart NE.O.004,https://www.ssg.com/item/dealItemView.ssg?itemId=1000818643654&siteNo=7009&salestrNo=2551,https://sitem.ssgcdn.com/54/36/64/item/1000818643654_i1_500.jpg,5449,주목할만한 상품,2
1000297426031,봄나들이 필수템 NEW 선케어 2종 출시,크리니크,92429,,신세계백화점,본점,https://www.ssg.com/item/dealItemView.ssg?itemId=1000297426031&siteNo=6009&salestrNo=1002,https://sitem.ssgcdn.com/31/60/42/item/1000297426031_i1_500.jpg,45,주목할만한 상품,2
1000591302145,[비밀특가][에이스침대] BEST 침대/매트리스 비밀특가,에이스침대,398520,,,S.COM몰,https://www.ssg.com/item/dealItemView.ssg?itemId=1000591302145&siteNo=6004&salestrNo=6005,https://sitem.ssgcdn.com/45/21/30/item/1000591302145_i1_500.jpg,206,주목할만한 상품,2
1000809074879,[쓱7클럽] [2025년산] 햅쌀 강화군농협 강화섬쌀 삼광 10kg/상등급,이쌀이다,36400,,,S.COM몰,https://www.ssg.com/item/itemView.ssg?itemId=1000809074879&siteNo=6004&salestrNo=6005,https://sitem.ssgcdn.com/79/48/07/item/1000809074879_i1_500.jpg,142,주목할만한 상품,2
1000818481144,[예약판매 특가] 초경량 BLDC 펠티어 파워 냉각 100단 무선 핸디형 선풍기 LZMF-UC01,LEZEN,22540,24800,,S.COM몰,https://www.ssg.com/item/itemView.ssg?itemId=1000818481144&siteNo=6004&salestrNo=6005,https://sitem.ssgcdn.com/44/11/48/item/1000818481144_i1_500.jpg,26,주목할만한 상품,2
1000729181082,"에너지, 이온음료 ~ 1+1",,3680,,이마트,월계점,https://www.ssg.com/item/dealItemView.ssg?itemId=1000729181082&siteNo=6001&salestrNo=2037,https://sitem.ssgcdn.com/82/10/18/item/1000729181082_i1_500.jpg,51127,주목할만한 상품,2
1000810105035,26신상 지금부터 여름까지~자외선은 막고 활동성은 높인 립스탑 경량자켓[경량윈드브레이커자켓],블랙야크키즈,32604,39000,신세계백화점,강남점,https://www.ssg.com/item/itemView.ssg?itemId=1000810105035&siteNo=6009&salestrNo=1004,https://sitem.ssgcdn.com/35/50/10/item/1000810105035_i1_500.jpg,1032,주목할만한 상품,2
1000801212389,[쓱설치] 인버터 제습기 [AY70H18100GVD],삼성,489000,561000,,S.COM몰,https://www.ssg.com/item/itemView.ssg?itemId=1000801212389&siteNo=6004&salestrNo=6005,https://sitem.ssgcdn.com/89/23/21/item/1000801212389_i1_500.jpg,56,주목할만한 상품,2
1000811719676,"[럭키박스][15% 쿠폰 적용가 : 27,540원]메타그린 슬림업 30일분(메타그린 풀패키지 샘플 추가 증정)",바이탈뷰티,32400,36000,,S.COM몰,https://www.ssg.com/item/itemView.ssg?itemId=1000811719676&siteNo=6004&salestrNo=6005,https://sitem.ssgcdn.com/76/96/71/item/1000811719676_i1_500.jpg,20,주목할만한 상품,2
1000791015734,"25년S/S (정상가 89,000원) 남성 기능성 냉감 마르티 집업 반팔티 집업티셔츠 1BYZTMU014",블랙야크,37706,44100,신세계백화점,의정부점,https://www.ssg.com/item/itemView.ssg?itemId=1000791015734&siteNo=6009&salestrNo=1007,https://sitem.ssgcdn.com/34/57/01/item/1000791015734_i1_500.jpg,50,주목할만한 상품,2
1000817864598,냉장편의식/냉장면 행사상품 모음전,,4480,,이마트,월계점,https://www.ssg.com/item/dealItemView.ssg?itemId=1000817864598&siteNo=6001&salestrNo=2037,https://sitem.ssgcdn.com/98/45/86/item/1000817864598_i1_500.jpg,165184,주목할만한 상품,2
1000210080755,[파르페by알레르망] 구스/호텔침구/차렵이불/알러지케어/패드/경추베개/매트리스커버,파르페,89725,,,S.COM몰,https://www.ssg.com/item/dealItemView.ssg?itemId=1000210080755&siteNo=6004&salestrNo=6005,https://sitem.ssgcdn.com/55/07/08/item/1000210080755_i1_500.jpg,414,주목할만한 상품,2
1000718884751,[한정/단독] 미스트 앤 픽스 100ml 1+1,메이크업포에버,37953,47000,신세계백화점,강남점,https://www.ssg.com/item/itemView.ssg?itemId=1000718884751&siteNo=6009&salestrNo=1004,https://sitem.ssgcdn.com/51/47/88/item/1000718884751_i1_500.jpg,0,주목할만한 상품,2
1000041484037,프리미엄 미용실 고데기 + 드라이기 특가,글램팜,240000,,,S.COM몰,https://www.ssg.com/item/dealItemView.ssg?itemId=1000041484037&siteNo=6004&salestrNo=6005,https://sitem.ssgcdn.com/37/40/48/item/1000041484037_i1_500.jpg,127,주목할만한 상품,2
1000682081721,간편한 한끼 냉동 김밥 할인전,,3980,,이마트,월계점,https://www.ssg.com/item/dealItemView.ssg?itemId=1000682081721&siteNo=6001&salestrNo=2037,https://sitem.ssgcdn.com/21/17/08/item/1000682081721_i1_500.jpg,732,주목할만한 상품,2
1000816108365,[쓱7클럽]항공직송 태국 마하차녹 무지개 망고 특/대과 8-12과 4kg 내외,감동,28900,,,S.COM몰,https://www.ssg.com/item/itemView.ssg?itemId=1000816108365&siteNo=6004&salestrNo=6005,https://sitem.ssgcdn.com/65/83/10/item/1000816108365_i1_500.jpg,407,주목할만한 상품,2
1000713930107,"헤드밴드, 무릎,  팔꿈치, 발목, 손목 보호대 헬스장갑 그외 베스트용품",아디다스피트니스,12513,,,S.COM몰,https://www.ssg.com/item/dealItemView.ssg?itemId=1000713930107&siteNo=6004&salestrNo=6005,https://sitem.ssgcdn.com/07/01/93/item/1000713930107_i1_500.jpg,327,주목할만한 상품,2
1000818436782,[쓱7클럽] 해다원 만능레시피 흰다리새우 1kg(35미 내외),해다원,23900,28900,,S.COM몰,https://www.ssg.com/item/itemView.ssg?itemId=1000818436782&siteNo=6001&salestrNo=6005,https://sitem.ssgcdn.com/82/67/43/item/1000818436782_i1_500.jpg,0,주목할만한 상품,2
1000042361436,NEW 오 드 뚜왈렛 오르페옹 외 인기상품 컬렉션,딥티크,284288,,신세계백화점,본점,https://www.ssg.com/item/dealItemView.ssg?itemId=1000042361436&siteNo=6009&salestrNo=1002,https://sitem.ssgcdn.com/36/14/36/item/1000042361436_i1_500.jpg,0,주목할만한 상품,2
1000028414875,폴로 랄프로렌 신상 베스트 셀러,폴로 랄프 로렌,219000,,신세계백화점,본점,https://www.ssg.com/item/dealItemView.ssg?itemId=1000028414875&siteNo=6009&salestrNo=1002,https://sitem.ssgcdn.com/75/48/41/item/1000028414875_i1_500.jpg,0,주목할만한 상품,2
1000520787335,글루타치온 필름 스트레이트 30매X3박스 / 콜라겐 히알루론산 비타민C 엘라스틴 밀크씨슬 (소비기한 2026년 10월 26일),GNM자연의품격,25900,32375,,S.COM몰,https://www.ssg.com/item/itemView.ssg?itemId=1000520787335&siteNo=6001&salestrNo=6005,https://sitem.ssgcdn.com/35/73/78/item/1000520787335_i1_500.jpg,0,주목할만한 상품,2
1000054347977,"윤조에센스, 자음2종, 탄력3종 최대 혜택",설화수,187695,,신세계백화점,본점,https://www.ssg.com/item/dealItemView.ssg?itemId=1000054347977&siteNo=6009&salestrNo=1002,https://sitem.ssgcdn.com/77/79/34/item/1000054347977_i1_500.jpg,34,주목할만한 상품,2
1000600807100,26SS 신상품 20% & 인기 아이템 강남점 단독 특가!,헤지스,108120,,신세계백화점,본점,https://www.ssg.com/item/dealItemView.ssg?itemId=1000600807100&siteNo=6009&salestrNo=1002,https://sitem.ssgcdn.com/00/71/80/item/1000600807100_i1_500.jpg,0,주목할만한 상품,2
1000671847209,인기 치즈 모음전 최대 ~50%,,9880,,이마트,월계점,https://www.ssg.com/item/dealItemView.ssg?itemId=1000671847209&siteNo=6001&salestrNo=2037,https://sitem.ssgcdn.com/09/72/84/item/1000671847209_i1_500.jpg,127373,주목할만한 상품,3
1000616111568,"벗고 싶지 않은 편안함 르무통 발편한 메리노울 운동화, 플랫",르무통,109900,,,S.COM몰,https://www.ssg.com/item/dealItemView.ssg?itemId=1000616111568&siteNo=6004&salestrNo=6005,https://sitem.ssgcdn.com/68/15/11/item/1000616111568_i1_500.jpg,2759,주목할만한 상품,3
1000790329300,[ONLY 신세계]26 S/S NEW 라지 숄더백 M261MO4380Z,메트로시티,254828,335300,신세계백화점,대전신세계,https://www.ssg.com/item/itemView.ssg?itemId=1000790329300&siteNo=6009&salestrNo=1024,https://sitem.ssgcdn.com/00/93/32/item/1000790329300_i1_500.jpg,0,주목할만한 상품,3
1000540290299,전남 고흥 거금도 햇양파 5kg 특 개당중량 300g내외 (요리용),감동,7900,,,S.COM몰,https://www.ssg.com/item/itemView.ssg?itemId=1000540290299&siteNo=6001&salestrNo=6005,https://sitem.ssgcdn.com/99/02/29/item/1000540290299_i1_500.jpg,102,주목할만한 상품,3
1000543699664,NEW 디올 르 밤,DIOR,80750,85000,신세계백화점,강남점,https://www.ssg.com/item/itemView.ssg?itemId=1000543699664&siteNo=6009&salestrNo=1004,https://sitem.ssgcdn.com/64/96/69/item/1000543699664_i1_500.jpg,16,주목할만한 상품,3
1000722259535,26SP 신상 외 베스트 아이템 특가 UP TO 47%,룩캐스트,136170,,,S.COM몰,https://www.ssg.com/item/dealItemView.ssg?itemId=1000722259535&siteNo=6004&salestrNo=6005,https://sitem.ssgcdn.com/35/95/25/item/1000722259535_i1_500.jpg,62,주목할만한 상품,3
1000707773015,백숙용 생닭/기타부위 등  ~35%,,6487,,,emart NE.O.004,https://www.ssg.com/item/dealItemView.ssg?itemId=1000707773015&siteNo=7009&salestrNo=2551,https://sitem.ssgcdn.com/15/30/77/item/1000707773015_i1_500.jpg,18347,주목할만한 상품,3
1000799669641,"[신세계백화점 사우스시티]정상가 49,000원 베이직 스트릿 그래피티 티셔츠 (5color) 7ATSB1153",MLB키즈,20825,24500,신세계백화점,신세계 사우스시티,https://www.ssg.com/item/itemView.ssg?itemId=1000799669641&siteNo=6009&salestrNo=1006,https://sitem.ssgcdn.com/41/96/66/item/1000799669641_i1_500.jpg,1235,주목할만한 상품,3
1000373432442,인기상품 부쉬넬 추가 재고 확보! 신제품 출시 /  거리측정기 外 골프용품 특가  알투지/ 갤럭시 워치/ PXG,부쉬넬,26392,,,S.COM몰,https://www.ssg.com/item/dealItemView.ssg?itemId=1000373432442&siteNo=6004&salestrNo=6005,https://sitem.ssgcdn.com/42/24/43/item/1000373432442_i1_500.jpg,370,주목할만한 상품,3
1000534782697,수율좋은 울진 붉은대게 ~54% 할인,,24800,,이마트,월계점,https://www.ssg.com/item/dealItemView.ssg?itemId=1000534782697&siteNo=6001&salestrNo=2037,https://sitem.ssgcdn.com/97/26/78/item/1000534782697_i1_500.jpg,16,주목할만한 상품,3
1000648793072,[4/20 단하루 핫딜] 스토케 트립트랩 하이체어 베이비세트 뉴본,스토케,37281,39660,,S.COM몰,https://www.ssg.com/item/itemView.ssg?itemId=1000648793072&siteNo=6004&salestrNo=6005,https://sitem.ssgcdn.com/72/30/79/item/1000648793072_i1_500.jpg,0,주목할만한 상품,3
1000698425315,[직구] 뷰티 BEST 브랜드 특가 (에스티로더/라메르/시슬리/클라랑스 외),클라랑스,119400,,,S.COM몰,https://www.ssg.com/item/dealItemView.ssg?itemId=1000698425315&siteNo=6004&salestrNo=6005,https://sitem.ssgcdn.com/15/53/42/item/1000698425315_i1_500.jpg,937,주목할만한 상품,3
1000802611896,몰리스(Mollys) 배변패드 모음,MOLLY'S,19900,,이마트,월계점,https://www.ssg.com/item/dealItemView.ssg?itemId=1000802611896&siteNo=6001&salestrNo=2037,https://sitem.ssgcdn.com/96/18/61/item/1000802611896_i1_500.jpg,88,주목할만한 상품,3
1000801776405,씨에르 남여공용 슬립온 수지 워킹화 트레킹화 FUM25N61,K2,60705,71000,신세계백화점,대전신세계,https://www.ssg.com/item/itemView.ssg?itemId=1000801776405&siteNo=6009&salestrNo=1024,https://sitem.ssgcdn.com/05/64/77/item/1000801776405_i1_500.jpg,376,주목할만한 상품,3
1000632211336,[주간TOP10] 인기운동화모음 호카 뉴발란스 아디다스 外,호카오네오네,60682,,,S.COM몰,https://www.ssg.com/item/dealItemView.ssg?itemId=1000632211336&siteNo=6004&salestrNo=6005,https://sitem.ssgcdn.com/36/13/21/item/1000632211336_i1_500.jpg,0,주목할만한 상품,3
1000530789353,"정상가 219,000 단독 TV광고 상품 공용 고어텍스 레저 등산 트레킹화 343 ECO GTX ABYSHX3925",블랙야크,58995,69000,신세계백화점,센텀시티점,https://www.ssg.com/item/itemView.ssg?itemId=1000530789353&siteNo=6009&salestrNo=1009,https://sitem.ssgcdn.com/53/93/78/item/1000530789353_i1_500.jpg,812,주목할만한 상품,3
1000038998603,[피에스타XSSG] 우리아이 감성 주방놀이  (주방놀이/역할놀이 모음),피에스타,112800,,,S.COM몰,https://www.ssg.com/item/dealItemView.ssg?itemId=1000038998603&siteNo=6004&salestrNo=6005,https://sitem.ssgcdn.com/03/86/99/item/1000038998603_i1_500.jpg,290,주목할만한 상품,3
1000054498498,[S]동원 리챔 오리지널 200g x 6개 + 더블라이트 200g x 2개,동원,15200,38910,,S.COM몰,https://www.ssg.com/item/itemView.ssg?itemId=1000054498498&siteNo=6001&salestrNo=6005,https://sitem.ssgcdn.com/98/84/49/item/1000054498498_i1_500.jpg,96,주목할만한 상품,3
1000818473083,"X 호통맘 공동구매 데이오프,플레이 텀블러/투고보틀",킨토,28800,,,S.COM몰,https://www.ssg.com/item/dealItemView.ssg?itemId=1000818473083&siteNo=6004&salestrNo=6005,https://sitem.ssgcdn.com/83/30/47/item/1000818473083_i1_500.jpg,666,주목할만한 상품,3
1000819059325,바캉스 스윔웨어 할인전 + 추가즉시할인 혜택,코랄리크,94070,,신세계백화점,본점,https://www.ssg.com/item/dealItemView.ssg?itemId=1000819059325&siteNo=6009&salestrNo=1002,https://sitem.ssgcdn.com/25/93/05/item/1000819059325_i1_500.jpg,0,주목할만한 상품,3
1000818909162,"즉석카레짜장 5개 10,000원",샘표,3980,,이마트,월계점,https://www.ssg.com/item/dealItemView.ssg?itemId=1000818909162&siteNo=6001&salestrNo=2037,https://sitem.ssgcdn.com/62/91/90/item/1000818909162_i1_500.jpg,35137,주목할만한 상품,3
1000022119340,ෆ2026러닝시작!ෆ 아디다스  오즈웨이브 외 신상아식스 최대64%할인!,아디다스,55800,,,S.COM몰,https://www.ssg.com/item/dealItemView.ssg?itemId=1000022119340&siteNo=6004&salestrNo=6005,https://sitem.ssgcdn.com/40/93/11/item/1000022119340_i1_500.jpg,1916,주목할만한 상품,3
1000819001672,코주부 프리미엄 육포와 주전부리가 함께 나들이 가보자! 무료배송 할인특가,,15600,,,S.COM몰,https://www.ssg.com/item/dealItemView.ssg?itemId=1000819001672&siteNo=6004&salestrNo=6005,https://sitem.ssgcdn.com/72/16/00/item/1000819001672_i1_500.jpg,78,주목할만한 상품,3
1000779749037,봄맞이 특가  ~50% + 10% 카드 할인,JAJU,19900,,신세계V,S.COM몰,https://www.ssg.com/item/dealItemView.ssg?itemId=1000779749037&siteNo=6300&salestrNo=6005,https://sitem.ssgcdn.com/37/90/74/item/1000779749037_i1_500.jpg,614,주목할만한 상품,3
1000818595902,[멤버쉽전용][샤오미코리아 본사직영판매]스탠드 선풍기 2 Pro,XIAOMI,139800,,,S.COM몰,https://www.ssg.com/item/itemView.ssg?itemId=1000818595902&siteNo=6004&salestrNo=6005,https://sitem.ssgcdn.com/02/59/59/item/1000818595902_i1_500.jpg,0,주목할만한 상품,3
1000818574283,삼겹살/목심/앞다리 등 ~30%,,2716,,이마트,월계점,https://www.ssg.com/item/dealItemView.ssg?itemId=1000818574283&siteNo=6001&salestrNo=2037,https://sitem.ssgcdn.com/83/42/57/item/1000818574283_i1_500.jpg,156084,주목할만한 상품,3
1000022630112,창립 40주년 특집 혜택 딜! 최대 11%쿠폰 + 10%카드 + 사은품 증정,자코모,1148100,,,S.COM몰,https://www.ssg.com/item/dealItemView.ssg?itemId=1000022630112&siteNo=6004&salestrNo=6005,https://sitem.ssgcdn.com/12/01/63/item/1000022630112_i1_500.jpg,0,주목할만한 상품,3
1000818535449,발효곳간 양곡 정기구독 OPEN,발효:곳간,25223,,신세계백화점,본점,https://www.ssg.com/item/dealItemView.ssg?itemId=1000818535449&siteNo=6009&salestrNo=1002,https://sitem.ssgcdn.com/49/54/53/item/1000818535449_i1_500.jpg,0,주목할만한 상품,3
1000572063427,"인기 과자/초콜릿/젤리 ~1+1, 쓱새벽배송",,4680,,이마트,월계점,https://www.ssg.com/item/dealItemView.ssg?itemId=1000572063427&siteNo=6001&salestrNo=2037,https://sitem.ssgcdn.com/27/34/06/item/1000572063427_i1_500.jpg,3316,주목할만한 상품,3
1000572461522,[단독 특가] 26SS 신상 外 베스트 특가 2만원대부터 ~71%OFF,제로스트릿,23001,,신세계백화점,본점,https://www.ssg.com/item/dealItemView.ssg?itemId=1000572461522&siteNo=6009&salestrNo=1002,https://sitem.ssgcdn.com/22/15/46/item/1000572461522_i1_500.jpg,1863,주목할만한 상품,3
1000818469591,CJ온스타일 홈쇼핑 식품 행사 ~60%,,23639,,,S.COM몰,https://www.ssg.com/item/dealItemView.ssg?itemId=1000818469591&siteNo=6004&salestrNo=6005,https://sitem.ssgcdn.com/91/95/46/item/1000818469591_i1_500.jpg,0,주목할만한 상품,4
1000818505166,(~40%) 한우&양념육 할인,,9528,,이마트,월계점,https://www.ssg.com/item/dealItemView.ssg?itemId=1000818505166&siteNo=6001&salestrNo=2037,https://sitem.ssgcdn.com/66/51/50/item/1000818505166_i1_500.jpg,12108,주목할만한 상품,4
1000817514674,[쓱7클럽]하겐다즈 아이스크림 세상달달세트,하겐다즈,29900,39900,,S.COM몰,https://www.ssg.com/item/itemView.ssg?itemId=1000817514674&siteNo=6004&salestrNo=6005,https://sitem.ssgcdn.com/74/46/51/item/1000817514674_i1_500.jpg,13,주목할만한 상품,4
1000817700265,반팔티셔츠 모음,GU,35100,,,S.COM몰,https://www.ssg.com/item/dealItemView.ssg?itemId=1000817700265&siteNo=6004&salestrNo=6005,https://sitem.ssgcdn.com/65/02/70/item/1000817700265_i1_500.jpg,0,주목할만한 상품,4
1000819464900,금주 채소 행사전 ~50%,,3288,,,emart NE.O.004,https://www.ssg.com/item/dealItemView.ssg?itemId=1000819464900&siteNo=7009&salestrNo=2551,https://sitem.ssgcdn.com/00/49/46/item/1000819464900_i1_500.jpg,71067,주목할만한 상품,4
1000675788551,[쓱설치] AI Q9000 에어컨 AF60F17D11BRT 홈멀티형 [기본설치비무료],삼성,1730100,2190000,,S.COM몰,https://www.ssg.com/item/itemView.ssg?itemId=1000675788551&siteNo=6004&salestrNo=6005,https://sitem.ssgcdn.com/51/85/78/item/1000675788551_i1_500.jpg,135,주목할만한 상품,4
1000816303993,[10만원적립/~4/22까지][26년/NEW] 세라젬 마스터 V5 척추온열 의료기기,세라젬,3467500,3650000,,S.COM몰,https://www.ssg.com/item/itemView.ssg?itemId=1000816303993&siteNo=6004&salestrNo=6005,https://sitem.ssgcdn.com/93/39/30/item/1000816303993_i1_500.jpg,0,주목할만한 상품,4
1000656707183,서울/남양 우유 요거트 외 최대~50%,,3880,,이마트,월계점,https://www.ssg.com/item/dealItemView.ssg?itemId=1000656707183&siteNo=6001&salestrNo=2037,https://sitem.ssgcdn.com/83/71/70/item/1000656707183_i1_500.jpg,266602,주목할만한 상품,4
1000791704393,전자 Bespoke AI 원바디 WH90F2520GBHY 25/20kg 그레이지,삼성,2223000,2340000,,S.COM몰,https://www.ssg.com/item/itemView.ssg?itemId=1000791704393&siteNo=6004&salestrNo=6005,https://sitem.ssgcdn.com/93/43/70/item/1000791704393_i1_500.jpg,50,주목할만한 상품,4
1000813206236,"[럭키박스][15%쿠폰적용가:25,415원][정가67,000원 55%]CLIO X SSG 메이크업박스 2종 택1",클리오,29900,,,S.COM몰,https://www.ssg.com/item/itemView.ssg?itemId=1000813206236&siteNo=6004&salestrNo=6005,https://sitem.ssgcdn.com/36/62/20/item/1000813206236_i1_500.jpg,0,주목할만한 상품,4
1000803066221,새콤달콤 토마토 금주 시즌특가 ~1+1,,7980,,,emart NE.O.004,https://www.ssg.com/item/dealItemView.ssg?itemId=1000803066221&siteNo=7009&salestrNo=2551,https://sitem.ssgcdn.com/21/62/06/item/1000803066221_i1_500.jpg,244,주목할만한 상품,4
1000702772796,"산업 세탁, 주방, 덴탈 모음전",애경,14453,,,S.COM몰,https://www.ssg.com/item/dealItemView.ssg?itemId=1000702772796&siteNo=6004&salestrNo=6005,https://sitem.ssgcdn.com/96/27/77/item/1000702772796_i1_500.jpg,2805,주목할만한 상품,4
1000812875027,"[럭키박스][15%쿠폰적용가:25,415원][정가108,000원 72%]바닐라코 메이크업박스 웜톤&쿨톤 택1",바닐라코,29900,,,S.COM몰,https://www.ssg.com/item/itemView.ssg?itemId=1000812875027&siteNo=6004&salestrNo=6005,https://sitem.ssgcdn.com/27/50/87/item/1000812875027_i1_500.jpg,0,주목할만한 상품,4
1000754976116,티슈류/생리대/기저귀~1+1,유한킴벌리,32900,,이마트,월계점,https://www.ssg.com/item/dealItemView.ssg?itemId=1000754976116&siteNo=6001&salestrNo=2037,https://sitem.ssgcdn.com/16/61/97/item/1000754976116_i1_500.jpg,559,주목할만한 상품,4
1000580066378,"[불라디,라팡슈 외] SS26 신규입고 불라디 린톤트위드 콜라보레이션으로 봄준비하기",트래드후스,41990,,신세계백화점,본점,https://www.ssg.com/item/dealItemView.ssg?itemId=1000580066378&siteNo=6009&salestrNo=1002,https://sitem.ssgcdn.com/78/63/06/item/1000580066378_i1_500.jpg,731,주목할만한 상품,4
1000812831785,[럭키박스] 마데카크림 베스트 50ml6개+투명광앰플30ml 1개+링클마스크팩 1박스(10매)+단독증정,센텔리안24,50000,,,S.COM몰,https://www.ssg.com/item/itemView.ssg?itemId=1000812831785&siteNo=6004&salestrNo=6005,https://sitem.ssgcdn.com/85/17/83/item/1000812831785_i1_500.jpg,10,주목할만한 상품,4
1000675787824,[쓱설치] AI Q9000 에어컨 AF60F19D11GT 스탠드형 [기본설치비무료],삼성,1445400,2190000,,S.COM몰,https://www.ssg.com/item/itemView.ssg?itemId=1000675787824&siteNo=6004&salestrNo=6005,https://sitem.ssgcdn.com/24/78/78/item/1000675787824_i1_500.jpg,41,주목할만한 상품,4
1000804543913,[기프트][단독] 아망드 쉬블리므 소프트닝 샤워 오일 500ml 세트 (아몬드)(+디럭스 2종+타올),록시땅,54417,66000,신세계백화점,강남점,https://www.ssg.com/item/itemView.ssg?itemId=1000804543913&siteNo=6009&salestrNo=1004,https://sitem.ssgcdn.com/13/39/54/item/1000804543913_i1_500.jpg,0,주목할만한 상품,4
1000675786619,[쓱설치] AI Q9000 에어컨 AF60F19D11GRT 홈멀티형 [기본설치비무료],삼성,1990000,2563000,,S.COM몰,https://www.ssg.com/item/itemView.ssg?itemId=1000675786619&siteNo=6004&salestrNo=6005,https://sitem.ssgcdn.com/19/66/78/item/1000675786619_i1_500.jpg,107,주목할만한 상품,4
1000724624122,[비밀특가] 뉴나 카시트&유모차  핫/딜/전,뉴나,730000,,,S.COM몰,https://www.ssg.com/item/dealItemView.ssg?itemId=1000724624122&siteNo=6004&salestrNo=6005,https://sitem.ssgcdn.com/22/41/62/item/1000724624122_i1_500.jpg,34,주목할만한 상품,4
1000384698842,간편 활용 냉동수산 갑오징어 등 ~50%,,17980,,이마트,월계점,https://www.ssg.com/item/dealItemView.ssg?itemId=1000384698842&siteNo=6001&salestrNo=2037,https://sitem.ssgcdn.com/42/88/69/item/1000384698842_i1_500.jpg,9664,주목할만한 상품,4
1000068501920,인기 리오더 상품 모음  3만원대 찬스!,JJ지고트,32390,,신세계백화점,본점,https://www.ssg.com/item/dealItemView.ssg?itemId=1000068501920&siteNo=6009&salestrNo=1002,https://sitem.ssgcdn.com/20/19/50/item/1000068501920_i1_500.jpg,4063,주목할만한 상품,4
1000698842959,[H&M 신생아] 바디수트와 봄신상 상품들 키즈데이 키즈상품 15% 할인,H&M,24900,,,S.COM몰,https://www.ssg.com/item/dealItemView.ssg?itemId=1000698842959&siteNo=6004&salestrNo=6005,https://sitem.ssgcdn.com/59/29/84/item/1000698842959_i1_500.jpg,201,주목할만한 상품,4
1000681032477,새콤달콤 만다린 ~40% 할인,,11800,,,emart NE.O.004,https://www.ssg.com/item/dealItemView.ssg?itemId=1000681032477&siteNo=7009&salestrNo=2551,https://sitem.ssgcdn.com/77/24/03/item/1000681032477_i1_500.jpg,26102,주목할만한 상품,4
1000674159455,바야밴드 클로그 외 BEST 특가 모음,크록스,43120,,신세계백화점,본점,https://www.ssg.com/item/dealItemView.ssg?itemId=1000674159455&siteNo=6009&salestrNo=1002,https://sitem.ssgcdn.com/55/94/15/item/1000674159455_i1_500.jpg,2712,주목할만한 상품,4
1000693945098,[LG생활건강] 세탁섬유 생필품 베스트 모음,엘지생활건강,14162,,,S.COM몰,https://www.ssg.com/item/dealItemView.ssg?itemId=1000693945098&siteNo=6004&salestrNo=6005,https://sitem.ssgcdn.com/98/50/94/item/1000693945098_i1_500.jpg,4713,주목할만한 상품,4
1000692357445,"동물복지 유정란, 1+등급란 등 계란 행사",,5586,,,emart NE.O.004,https://www.ssg.com/item/dealItemView.ssg?itemId=1000692357445&siteNo=7009&salestrNo=2551,https://sitem.ssgcdn.com/45/74/35/item/1000692357445_i1_500.jpg,218,주목할만한 상품,4
1000619832840,SSG 단독 아울렛 특가 최대 50%+추가혜택,헬렌카민스키,144500,,신세계백화점,본점,https://www.ssg.com/item/dealItemView.ssg?itemId=1000619832840&siteNo=6009&salestrNo=1002,https://sitem.ssgcdn.com/40/28/83/item/1000619832840_i1_500.jpg,0,주목할만한 상품,4
1000619967908,브랜드마크 ~77% + 15% 추가 쿠폰 / 1+1 단독 판매 ~65% + 추가쿠폰,위뜨,52900,,신세계백화점,본점,https://www.ssg.com/item/dealItemView.ssg?itemId=1000619967908&siteNo=6009&salestrNo=1002,https://sitem.ssgcdn.com/08/79/96/item/1000619967908_i1_500.jpg,217,주목할만한 상품,4
1000818911611,"용기면 10개 9,900원",농심,1250,,이마트,월계점,https://www.ssg.com/item/dealItemView.ssg?itemId=1000818911611&siteNo=6001&salestrNo=2037,https://sitem.ssgcdn.com/11/16/91/item/1000818911611_i1_500.jpg,92188,주목할만한 상품,4
1000801211411,[쓱설치] 인버터 제습기 [AY70H23100GTD],삼성,594150,699000,,S.COM몰,https://www.ssg.com/item/itemView.ssg?itemId=1000801211411&siteNo=6004&salestrNo=6005,https://sitem.ssgcdn.com/11/14/21/item/1000801211411_i1_500.jpg,20,주목할만한 상품,5
1000596233625,에그 코코 스쿠터,에그(Egg),99000,,신세계백화점,강남점,https://www.ssg.com/item/itemView.ssg?itemId=1000596233625&siteNo=6009&salestrNo=1004,https://sitem.ssgcdn.com/25/36/23/item/1000596233625_i1_500.jpg,23,주목할만한 상품,5
1000089107589,봄 아울렛 상품 특별 가격 모음,빈폴레이디스,56124,,신세계백화점,본점,https://www.ssg.com/item/dealItemView.ssg?itemId=1000089107589&siteNo=6009&salestrNo=1002,https://sitem.ssgcdn.com/89/75/10/item/1000089107589_i1_500.jpg,270,주목할만한 상품,5
1000172025873,봄 스타일링을 위한 신상/ 이월 강력추천템! + 최대~ 20%할인!,헤지스,135320,,,S.COM몰,https://www.ssg.com/item/dealItemView.ssg?itemId=1000172025873&siteNo=6004&salestrNo=6005,https://sitem.ssgcdn.com/73/58/02/item/1000172025873_i1_500.jpg,0,주목할만한 상품,5
1000634007872,자주 침구/뷰티/생활용품 BEST,JAJU,38657,,신세계V,S.COM몰,https://www.ssg.com/item/dealItemView.ssg?itemId=1000634007872&siteNo=6300&salestrNo=6005,https://sitem.ssgcdn.com/72/78/00/item/1000634007872_i1_500.jpg,700,주목할만한 상품,5
1000068995682,본사직영 2026 코웨이 렌탈 최대 84만 SSG머니 + 타사보상 10% + 패키지 최대 15%,코웨이,0,,,S.COM몰,https://www.ssg.com/item/dealItemView.ssg?itemId=1000068995682&siteNo=6004&salestrNo=6005,https://sitem.ssgcdn.com/82/56/99/item/1000068995682_i1_500.jpg,166,주목할만한 상품,5
1000815570319,백미 할인행사,,45800,,,emart NE.O.004,https://www.ssg.com/item/dealItemView.ssg?itemId=1000815570319&siteNo=7009&salestrNo=2551,https://sitem.ssgcdn.com/19/03/57/item/1000815570319_i1_500.jpg,0,주목할만한 상품,5
1000696370708,[쓱설치] Bespoke 윈도우핏 창문형 무풍에어컨 AW06C7155TWA (매립형),삼성,849000,1070000,,S.COM몰,https://www.ssg.com/item/itemView.ssg?itemId=1000696370708&siteNo=6004&salestrNo=6005,https://sitem.ssgcdn.com/08/07/37/item/1000696370708_i1_500.jpg,68,주목할만한 상품,5
1000049731481,아웃도어 잡화 모자/가방 모음! 50종택1,코오롱스포츠,24057,,,S.COM몰,https://www.ssg.com/item/dealItemView.ssg?itemId=1000049731481&siteNo=6004&salestrNo=6005,https://sitem.ssgcdn.com/81/14/73/item/1000049731481_i1_500.jpg,542,주목할만한 상품,5
1000726006112,화장지/키친타올/티슈~1+1&가격할인,,31800,,이마트,월계점,https://www.ssg.com/item/dealItemView.ssg?itemId=1000726006112&siteNo=6001&salestrNo=2037,https://sitem.ssgcdn.com/12/61/00/item/1000726006112_i1_500.jpg,896,주목할만한 상품,5
1000817163253,신상 패밀리 잠옷 18종 택1,오르시떼,29672,,신세계백화점,본점,https://www.ssg.com/item/dealItemView.ssg?itemId=1000817163253&siteNo=6009&salestrNo=1002,https://sitem.ssgcdn.com/53/32/16/item/1000817163253_i1_500.jpg,1005,주목할만한 상품,5
1000041955038,[무료배송] 농협안심한우 단품  골라담기,농협안심한우,17900,,,S.COM몰,https://www.ssg.com/item/dealItemView.ssg?itemId=1000041955038&siteNo=6004&salestrNo=6005,https://sitem.ssgcdn.com/38/50/95/item/1000041955038_i1_500.jpg,0,주목할만한 상품,5
1000754607145,화장지/키친타올/생리대 특가(※일부품목제외),깨끗한나라,31800,,이마트,월계점,https://www.ssg.com/item/dealItemView.ssg?itemId=1000754607145&siteNo=6001&salestrNo=2037,https://sitem.ssgcdn.com/45/71/60/item/1000754607145_i1_500.jpg,142,주목할만한 상품,5
1000574373494,"[55%할인]●휠라키즈 시원한 여름 상하세트, 샌들 13종 균일가 (FK2FSH2001X,2002X,3SM01970 )",휠라키즈,33357,39900,신세계백화점,센텀시티점,https://www.ssg.com/item/itemView.ssg?itemId=1000574373494&siteNo=6009&salestrNo=1009,https://sitem.ssgcdn.com/94/34/37/item/1000574373494_i1_500.jpg,124,주목할만한 상품,5
1000783480751,볶음밥/주먹밥/국탕류 등 ~2개50%,,4606,,이마트,월계점,https://www.ssg.com/item/dealItemView.ssg?itemId=1000783480751&siteNo=6001&salestrNo=2037,https://sitem.ssgcdn.com/51/07/48/item/1000783480751_i1_500.jpg,31741,주목할만한 상품,5
1000799640006,S/S 이월 할인전,베베드피노,47005,,신세계백화점,본점,https://www.ssg.com/item/dealItemView.ssg?itemId=1000799640006&siteNo=6009&salestrNo=1002,https://sitem.ssgcdn.com/06/00/64/item/1000799640006_i1_500.jpg,787,주목할만한 상품,5
1000819046754,[4/16~22] 안주류 출시기념 할인행사,,10900,,,emart NE.O.004,https://www.ssg.com/item/dealItemView.ssg?itemId=1000819046754&siteNo=7009&salestrNo=2551,https://sitem.ssgcdn.com/54/67/04/item/1000819046754_i1_500.jpg,20,주목할만한 상품,5
1000586577590,[SSG특가] 발편한 워킹화/여행화/운동화/스니커즈 모음전,아키클래식,87550,,신세계백화점,본점,https://www.ssg.com/item/dealItemView.ssg?itemId=1000586577590&siteNo=6009&salestrNo=1002,https://sitem.ssgcdn.com/90/75/57/item/1000586577590_i1_500.jpg,348,주목할만한 상품,5
1000742169352,마더린러 베이글 4입 기획 35%할인,,6734,,,emart NE.O.004,https://www.ssg.com/item/dealItemView.ssg?itemId=1000742169352&siteNo=7009&salestrNo=2551,https://sitem.ssgcdn.com/52/93/16/item/1000742169352_i1_500.jpg,48,주목할만한 상품,5
1000277388087,[해신수산] 완도활전복 인기상품 골라담기,해신수산영어조합법인,29950,,,S.COM몰,https://www.ssg.com/item/dealItemView.ssg?itemId=1000277388087&siteNo=6004&salestrNo=6005,https://sitem.ssgcdn.com/87/80/38/item/1000277388087_i1_500.jpg,1306,주목할만한 상품,5
1000518805288,"양념LA갈비, 양념소불고기 ~40%",,12987,,,emart NE.O.004,https://www.ssg.com/item/dealItemView.ssg?itemId=1000518805288&siteNo=7009&salestrNo=2551,https://sitem.ssgcdn.com/88/52/80/item/1000518805288_i1_500.jpg,298,주목할만한 상품,5
1000739664224,26SS 봄세일  / 이월 특가템 + 최대 20%쿠폰,지오다노,15989,,,S.COM몰,https://www.ssg.com/item/dealItemView.ssg?itemId=1000739664224&siteNo=6004&salestrNo=6005,https://sitem.ssgcdn.com/24/42/66/item/1000739664224_i1_500.jpg,21,주목할만한 상품,5
1000645992747,인기 과자간식~1+1 새벽/스타배송,,4480,,,emart NE.O.004,https://www.ssg.com/item/dealItemView.ssg?itemId=1000645992747&siteNo=7009&salestrNo=2551,https://sitem.ssgcdn.com/47/27/99/item/1000645992747_i1_500.jpg,32,주목할만한 상품,5
1000062588627,"샌드위치, 시골김, 조선호텔김치, 삼계탕, 핫도그, 왕교자, 롤파운드 등 특가전",신세계푸드,24900,,,S.COM몰,https://www.ssg.com/item/dealItemView.ssg?itemId=1000062588627&siteNo=6004&salestrNo=6005,https://sitem.ssgcdn.com/27/86/58/item/1000062588627_i1_500.jpg,5093,주목할만한 상품,5
1000817600123,"홈스타 3개 구매시 9,900원",,5490,,이마트,월계점,https://www.ssg.com/item/dealItemView.ssg?itemId=1000817600123&siteNo=6001&salestrNo=2037,https://sitem.ssgcdn.com/23/01/60/item/1000817600123_i1_500.jpg,14613,주목할만한 상품,5
1000682346639,전자 갤럭시 버즈 시리즈,삼성,246967,,신세계백화점,본점,https://www.ssg.com/item/dealItemView.ssg?itemId=1000682346639&siteNo=6009&salestrNo=1002,https://sitem.ssgcdn.com/39/66/34/item/1000682346639_i1_500.jpg,53,주목할만한 상품,5
1000628232234,자연주의 가공식품 행사,,17800,,,emart NE.O.004,https://www.ssg.com/item/dealItemView.ssg?itemId=1000628232234&siteNo=7009&salestrNo=2551,https://sitem.ssgcdn.com/34/22/23/item/1000628232234_i1_500.jpg,55,주목할만한 상품,5
1000777249581,단독구성 & 하이알루론 아이크림/나이트크림 외 전상품 최대 ~59% 할인+사은품 증정,유세린,33900,,,S.COM몰,https://www.ssg.com/item/dealItemView.ssg?itemId=1000777249581&siteNo=6004&salestrNo=6005,https://sitem.ssgcdn.com/81/95/24/item/1000777249581_i1_500.jpg,13,주목할만한 상품,5
1000817760385,모락셀라/퍼실 액체/캡슐세제 ~1+1 (4/16~29),,28900,,이마트,월계점,https://www.ssg.com/item/dealItemView.ssg?itemId=1000817760385&siteNo=6001&salestrNo=2037,https://sitem.ssgcdn.com/85/03/76/item/1000817760385_i1_500.jpg,8381,주목할만한 상품,5
1000811464048,RB2016 601/31 DADDY-O 남녀공용 선글라스,레이밴,146070,162300,,S.COM몰,https://www.ssg.com/item/itemView.ssg?itemId=1000811464048&siteNo=6004&salestrNo=6005,https://sitem.ssgcdn.com/48/40/46/item/1000811464048_i1_500.jpg,0,주목할만한 상품,5
1000719826137,"엘라스틴/려 외 샴푸,컨디셔너  ~1+1",,17900,,이마트,월계점,https://www.ssg.com/item/dealItemView.ssg?itemId=1000719826137&siteNo=6001&salestrNo=2037,https://sitem.ssgcdn.com/37/61/82/item/1000719826137_i1_500.jpg,151,주목할만한 상품,6
1000722634715,[12%쿠폰] 조이/리안 출산육아템 특가전(카시트/유모차/아기침대 외),조이,478000,,,S.COM몰,https://www.ssg.com/item/dealItemView.ssg?itemId=1000722634715&siteNo=6004&salestrNo=6005,https://sitem.ssgcdn.com/15/47/63/item/1000722634715_i1_500.jpg,176,주목할만한 상품,6
1000817947891,행사상품 모음전,신세계푸드,9980,,이마트,월계점,https://www.ssg.com/item/dealItemView.ssg?itemId=1000817947891&siteNo=6001&salestrNo=2037,https://sitem.ssgcdn.com/91/78/94/item/1000817947891_i1_500.jpg,15470,주목할만한 상품,6
1000054496327,바비 브라운 단독 GIFT 행사,바비브라운,63793,,신세계백화점,본점,https://www.ssg.com/item/dealItemView.ssg?itemId=1000054496327&siteNo=6009&salestrNo=1002,https://sitem.ssgcdn.com/27/63/49/item/1000054496327_i1_500.jpg,15,주목할만한 상품,6
1000817573457,[쓱7클럽] IQF 닭윗날개(봉) 1kg X 2봉,올품,17500,25000,,S.COM몰,https://www.ssg.com/item/itemView.ssg?itemId=1000817573457&siteNo=6001&salestrNo=6005,https://sitem.ssgcdn.com/57/34/57/item/1000817573457_i1_500.jpg,0,주목할만한 상품,6
1000714160718,명미당 제주오메기떡 60개[35307690],NS홈쇼핑,37798,40643,,S.COM몰,https://www.ssg.com/item/itemView.ssg?itemId=1000714160718&siteNo=6004&salestrNo=6005,https://sitem.ssgcdn.com/18/07/16/item/1000714160718_i1_500.jpg,196,주목할만한 상품,6
1000699250713,[대상웰라이프] 뉴케어/올프로틴 행사,,33900,,,emart NE.O.004,https://www.ssg.com/item/dealItemView.ssg?itemId=1000699250713&siteNo=7009&salestrNo=2551,https://sitem.ssgcdn.com/13/07/25/item/1000699250713_i1_500.jpg,0,주목할만한 상품,6
1000760991539,휘센 오브제컬렉션 뷰I 에어컨 2in1 일반배관 FQ18FV3EB2 /기본설치비포함/전국무료배송,LG,2612500,2750000,,S.COM몰,https://www.ssg.com/item/itemView.ssg?itemId=1000760991539&siteNo=6004&salestrNo=6005,https://sitem.ssgcdn.com/39/15/99/item/1000760991539_i1_500.jpg,21,주목할만한 상품,6
1000790572629,포터블스크린 구매찬스,,499000,,이마트,월계점,https://www.ssg.com/item/dealItemView.ssg?itemId=1000790572629&siteNo=6001&salestrNo=2037,https://sitem.ssgcdn.com/29/26/57/item/1000790572629_i1_500.jpg,0,주목할만한 상품,6
1000027864605,가정의 달 기프트 출시 ~20% 할인+ SSG 단독 증정,케라스타즈,106128,,신세계백화점,본점,https://www.ssg.com/item/dealItemView.ssg?itemId=1000027864605&siteNo=6009&salestrNo=1002,https://sitem.ssgcdn.com/05/46/86/item/1000027864605_i1_500.jpg,37,주목할만한 상품,6
1000584235047,"치약/칫솔/의약외품 ~1+1,~20%",크리오,7900,,이마트,월계점,https://www.ssg.com/item/dealItemView.ssg?itemId=1000584235047&siteNo=6001&salestrNo=2037,https://sitem.ssgcdn.com/47/50/23/item/1000584235047_i1_500.jpg,2584,주목할만한 상품,6
1000037548959,[S] 아몬드브리즈 6종 오리지널/언스위트/프로틴/초콜릿/오트/커피 190ml 48팩,매일,34500,,,S.COM몰,https://www.ssg.com/item/itemView.ssg?itemId=1000037548959&siteNo=6004&salestrNo=6005,https://sitem.ssgcdn.com/59/89/54/item/1000037548959_i1_500.jpg,120,주목할만한 상품,6
1000587644490,행사상품 4/16~,동원,5980,,이마트,월계점,https://www.ssg.com/item/dealItemView.ssg?itemId=1000587644490&siteNo=6001&salestrNo=2037,https://sitem.ssgcdn.com/90/44/64/item/1000587644490_i1_500.jpg,13842,주목할만한 상품,6
1000617452569,단독 선 런칭 하이앤드 센소리움 컬렉션,메종마르지엘라,96800,,신세계백화점,본점,https://www.ssg.com/item/dealItemView.ssg?itemId=1000617452569&siteNo=6009&salestrNo=1002,https://sitem.ssgcdn.com/69/25/45/item/1000617452569_i1_500.jpg,0,주목할만한 상품,6
1000798680694,[정상가139000원] 디스커버리 남녀공용 트레킹화 스니커즈 운동화 마운틴 GT DXSH4124N,디스커버리,59423,69500,신세계백화점,타임스퀘어점패션관,https://www.ssg.com/item/itemView.ssg?itemId=1000798680694&siteNo=6009&salestrNo=1013,https://sitem.ssgcdn.com/94/06/68/item/1000798680694_i1_500.jpg,59,주목할만한 상품,6
1000815096484,티젠/담터/녹차원 아이스티/차 ~50% 할인,,17980,,이마트,월계점,https://www.ssg.com/item/dealItemView.ssg?itemId=1000815096484&siteNo=6001&salestrNo=2037,https://sitem.ssgcdn.com/84/64/09/item/1000815096484_i1_500.jpg,8205,주목할만한 상품,6
1000818595213,[패키지] AI Q9000  AF60F17D11BT + 블루스카이 3100 AP70F03102RTD [기본설치비무료],삼성,1547100,1719000,,S.COM몰,https://www.ssg.com/item/itemView.ssg?itemId=1000818595213&siteNo=6004&salestrNo=6005,https://sitem.ssgcdn.com/13/52/59/item/1000818595213_i1_500.jpg,0,주목할만한 상품,6
1000435751746,쏘피/오닉/순수한면 외 생리대~1+1,,10900,,이마트,월계점,https://www.ssg.com/item/dealItemView.ssg?itemId=1000435751746&siteNo=6001&salestrNo=2037,https://sitem.ssgcdn.com/46/17/75/item/1000435751746_i1_500.jpg,458,주목할만한 상품,6
1000819380510,하동녹차 명란김,,35982,,,S.COM몰,https://www.ssg.com/item/dealItemView.ssg?itemId=1000819380510&siteNo=6004&salestrNo=6005,https://sitem.ssgcdn.com/10/05/38/item/1000819380510_i1_500.jpg,286,주목할만한 상품,6
2097001915479,샤티넬 어드밴스 모근제거기 BRE710/10,필립스,78500,96000,이마트,emart NE.O.004,https://www.ssg.com/item/itemView.ssg?itemId=2097001915479&siteNo=6001&salestrNo=2551,https://sitem.ssgcdn.com/79/54/91/item/2097001915479_i1_500.jpg,0,주목할만한 상품,6
1000559747447,저온압착 100%통참깨 청년참기름350ml x 2병 외,전라도청년,23550,,,S.COM몰,https://www.ssg.com/item/dealItemView.ssg?itemId=1000559747447&siteNo=6004&salestrNo=6005,https://sitem.ssgcdn.com/47/74/74/item/1000559747447_i1_500.jpg,368,주목할만한 상품,6
1000800159473,구수한 수향미&향진주도 분도선택으로 더 건강하게!오분도미 칠분도미 쌀눈쌀,경성미가,35830,,,S.COM몰,https://www.ssg.com/item/dealItemView.ssg?itemId=1000800159473&siteNo=6001&salestrNo=6005,https://sitem.ssgcdn.com/73/94/15/item/1000800159473_i1_500.jpg,313,주목할만한 상품,6
1000809081733,[더조선호텔] 침구 냉감/인견 베딩 특가,조선호텔,31950,,,S.COM몰,https://www.ssg.com/item/dealItemView.ssg?itemId=1000809081733&siteNo=6004&salestrNo=6005,https://sitem.ssgcdn.com/33/17/08/item/1000809081733_i1_500.jpg,1099,주목할만한 상품,6
1000130568564,"볶음,육수용 멸치 ~30%",,9980,,,emart NE.O.004,https://www.ssg.com/item/dealItemView.ssg?itemId=1000130568564&siteNo=7009&salestrNo=2551,https://sitem.ssgcdn.com/64/85/56/item/1000130568564_i1_500.jpg,629,주목할만한 상품,6
1000697761458,스토우런던 프리미엄 레더 컬렉션,스토우런던,725120,,,S.COM몰,https://www.ssg.com/item/dealItemView.ssg?itemId=1000697761458&siteNo=6004&salestrNo=6005,https://sitem.ssgcdn.com/58/14/76/item/1000697761458_i1_500.jpg,0,주목할만한 상품,6
1000817528234,[CJ제일제당] 밸런스밀 프로틴쉐이크 할인,,14900,,,emart NE.O.004,https://www.ssg.com/item/dealItemView.ssg?itemId=1000817528234&siteNo=7009&salestrNo=2551,https://sitem.ssgcdn.com/34/82/52/item/1000817528234_i1_500.jpg,0,주목할만한 상품,6
1000570727490,신선직송 유기농/무농약 양곡 모음,초록숟가락,47770,,,S.COM몰,https://www.ssg.com/item/dealItemView.ssg?itemId=1000570727490&siteNo=6004&salestrNo=6005,https://sitem.ssgcdn.com/90/74/72/item/1000570727490_i1_500.jpg,525,주목할만한 상품,6
1000817528651,SSG 단독! 티즐 제로 레몬말차 사전예약 오픈,웅진식품,8900,,,S.COM몰,https://www.ssg.com/item/dealItemView.ssg?itemId=1000817528651&siteNo=6001&salestrNo=6005,https://sitem.ssgcdn.com/51/86/52/item/1000817528651_i1_500.jpg,0,주목할만한 상품,6
1000045612828,[노스페이스 공식] 간절기 데일리 필수템 / 베이직 티셔츠부터 자켓까지,노스페이스,29018,,신세계백화점,본점,https://www.ssg.com/item/dealItemView.ssg?itemId=1000045612828&siteNo=6009&salestrNo=1002,https://sitem.ssgcdn.com/28/28/61/item/1000045612828_i1_500.jpg,4078,주목할만한 상품,6
1000811962740,[큐라에스] 인기 건강기능식품 ~50%,,44950,,,emart NE.O.004,https://www.ssg.com/item/dealItemView.ssg?itemId=1000811962740&siteNo=7009&salestrNo=2551,https://sitem.ssgcdn.com/40/27/96/item/1000811962740_i1_500.jpg,0,주목할만한 상품,6
1000758513764,26SS 신상 + 이월SS 상품 특가전,지고트,67500,,신세계백화점,본점,https://www.ssg.com/item/dealItemView.ssg?itemId=1000758513764&siteNo=6009&salestrNo=1002,https://sitem.ssgcdn.com/64/37/51/item/1000758513764_i1_500.jpg,73,주목할만한 상품,7
1000813303763,[공식몰](소비기한 2026.08.01)하리보 골드베렌 믹스 870g x 3개,,28690,29900,,S.COM몰,https://www.ssg.com/item/itemView.ssg?itemId=1000813303763&siteNo=6001&salestrNo=6005,https://sitem.ssgcdn.com/63/37/30/item/1000813303763_i1_500.jpg,0,주목할만한 상품,7
1000045092292,SFS LX 리제너레이팅 크림소프트 SSG 단독 선론칭,시세이도,374000,,신세계백화점,본점,https://www.ssg.com/item/dealItemView.ssg?itemId=1000045092292&siteNo=6009&salestrNo=1002,https://sitem.ssgcdn.com/92/22/09/item/1000045092292_i1_500.jpg,17,주목할만한 상품,7
1000816497743,물걸레 청소포 1+1 40% 할인,에파타클린업,9672,,,emart NE.O.004,https://www.ssg.com/item/dealItemView.ssg?itemId=1000816497743&siteNo=7009&salestrNo=2551,https://sitem.ssgcdn.com/43/77/49/item/1000816497743_i1_500.jpg,555,주목할만한 상품,7
1000563219668,SS 가방/의류/모자 최대 55% + 추가 쿠폰,캉골,41310,,신세계백화점,본점,https://www.ssg.com/item/dealItemView.ssg?itemId=1000563219668&siteNo=6009&salestrNo=1002,https://sitem.ssgcdn.com/68/96/21/item/1000563219668_i1_500.jpg,0,주목할만한 상품,7
1000039936164,30년 맛집 하누소 갈비탕 외 갈비찜 곰탕 뼈없는갈비탕 보양식 모음,하누소,43100,,,S.COM몰,https://www.ssg.com/item/dealItemView.ssg?itemId=1000039936164&siteNo=6001&salestrNo=6005,https://sitem.ssgcdn.com/64/61/93/item/1000039936164_i1_500.jpg,45,주목할만한 상품,7
1000036111075,[이고진 공식]스텝퍼/사이클/런닝머신 홈트 BEST 운동기구 특가 모음전,이고진,257800,,,S.COM몰,https://www.ssg.com/item/dealItemView.ssg?itemId=1000036111075&siteNo=6004&salestrNo=6005,https://sitem.ssgcdn.com/75/10/11/item/1000036111075_i1_500.jpg,0,주목할만한 상품,7
1000740016886,일리/맥심/스타벅스/드립핑크 커피 ~25% 할인,,29800,,이마트,월계점,https://www.ssg.com/item/dealItemView.ssg?itemId=1000740016886&siteNo=6001&salestrNo=2037,https://sitem.ssgcdn.com/86/68/01/item/1000740016886_i1_500.jpg,29876,주목할만한 상품,7
1000058781870,NEW 더블웨어 파운데이션 & 최대 혜택,에스티로더,149400,,신세계백화점,본점,https://www.ssg.com/item/dealItemView.ssg?itemId=1000058781870&siteNo=6009&salestrNo=1002,https://sitem.ssgcdn.com/70/18/78/item/1000058781870_i1_500.jpg,37,주목할만한 상품,7
1000055506443,[농협안심한우/한돈][~45%] 1등급 한우 구이 불고기 /한돈  삼겹살 목살 外 한우 한돈 전품목 특가,농협안심한우,9499,,,S.COM몰,https://www.ssg.com/item/dealItemView.ssg?itemId=1000055506443&siteNo=6001&salestrNo=6005,https://sitem.ssgcdn.com/43/64/50/item/1000055506443_i1_500.jpg,0,주목할만한 상품,7
1000715641328,반팔티셔츠/니트/아우터 외 SS 베스트 상품,커스텀멜로우,127075,,신세계백화점,본점,https://www.ssg.com/item/dealItemView.ssg?itemId=1000715641328&siteNo=6009&salestrNo=1002,https://sitem.ssgcdn.com/28/13/64/item/1000715641328_i1_500.jpg,0,주목할만한 상품,7
1000621494101,피스타치오&말차 인기과자간식 쓱배송,,7980,,이마트,월계점,https://www.ssg.com/item/dealItemView.ssg?itemId=1000621494101&siteNo=6001&salestrNo=2037,https://sitem.ssgcdn.com/01/41/49/item/1000621494101_i1_500.jpg,1041,주목할만한 상품,7
1000753712605,[본사 무료배송] 햇반 특가 (백미/잡곡밥/솥반/컵반),CJ제일제당,19900,,,S.COM몰,https://www.ssg.com/item/dealItemView.ssg?itemId=1000753712605&siteNo=6004&salestrNo=6005,https://sitem.ssgcdn.com/05/26/71/item/1000753712605_i1_500.jpg,2352,주목할만한 상품,7
1000727068268,에브리라이프 밴드형 기저귀 특가찬스,,5900,,,emart NE.O.004,https://www.ssg.com/item/dealItemView.ssg?itemId=1000727068268&siteNo=7009&salestrNo=2551,https://sitem.ssgcdn.com/68/82/06/item/1000727068268_i1_500.jpg,667,주목할만한 상품,7
1000042232014,지금 가장 사랑받는 여성 신상품!,마시모두띠,199000,,,S.COM몰,https://www.ssg.com/item/dealItemView.ssg?itemId=1000042232014&siteNo=6004&salestrNo=6005,https://sitem.ssgcdn.com/14/20/23/item/1000042232014_i1_500.jpg,0,주목할만한 상품,7
1000818903061,블라썸위크 할인행사 (배너클릭/응모필수),풀무원,9980,,이마트,월계점,https://www.ssg.com/item/dealItemView.ssg?itemId=1000818903061&siteNo=6001&salestrNo=2037,https://sitem.ssgcdn.com/61/30/90/item/1000818903061_i1_500.jpg,40270,주목할만한 상품,7
1000062593438,[공식] 페라가모 가정의달 BEST 아이템 기프트 추천,페라가모,1510500,,신세계백화점,,https://department.ssg.com/item/dealItemView.ssg?itemId=1000062593438&siteNo=6009&salestrNo=1002&itemSsgCollectYn=N,https://sitem.ssgcdn.com/38/34/59/item/1000062593438_i1_500.jpg,0,주목할만한 상품,7
1000796082921,[담터직영][쓱머니추가적립]호두 아몬드 마밤 율무차 130T,담터,28900,,,S.COM몰,https://www.ssg.com/item/itemView.ssg?itemId=1000796082921&siteNo=6001&salestrNo=6005,https://sitem.ssgcdn.com/21/29/08/item/1000796082921_i1_500.jpg,0,주목할만한 상품,7
1000335740914,아이콘 코튼 모달  외 제품 ~30% 할인,Calvin Klein Underwear,67320,,신세계백화점,본점,https://www.ssg.com/item/dealItemView.ssg?itemId=1000335740914&siteNo=6009&salestrNo=1002,https://sitem.ssgcdn.com/14/09/74/item/1000335740914_i1_500.jpg,741,주목할만한 상품,7
1000819277515,2026 신상 어린이날 10% 할인or적립,레고,509900,,이마트,월계점,https://www.ssg.com/item/dealItemView.ssg?itemId=1000819277515&siteNo=6001&salestrNo=2037,https://sitem.ssgcdn.com/15/75/27/item/1000819277515_i1_500.jpg,33,주목할만한 상품,7
1000052423192,[26년 제철특가] 제스프리 키위/고흥 양파 /태국 골드망고/블랙라벨 오렌지 외 골라담기,감동,7900,,,S.COM몰,https://www.ssg.com/item/dealItemView.ssg?itemId=1000052423192&siteNo=6004&salestrNo=6005,https://sitem.ssgcdn.com/92/31/42/item/1000052423192_i1_500.jpg,7306,주목할만한 상품,7
1000816368479,완도맘 전복 특별 할인 상품 리스트,,28900,,,S.COM몰,https://www.ssg.com/item/dealItemView.ssg?itemId=1000816368479&siteNo=6001&salestrNo=6005,https://sitem.ssgcdn.com/79/84/36/item/1000816368479_i1_500.jpg,42,주목할만한 상품,7
1000597823528,[with KiiiKiii] 브랜드위크 ~50% + 추가쿠폰혜택,써스데이아일랜드,121212,,신세계백화점,본점,https://www.ssg.com/item/dealItemView.ssg?itemId=1000597823528&siteNo=6009&salestrNo=1002,https://sitem.ssgcdn.com/28/35/82/item/1000597823528_i1_500.jpg,190,주목할만한 상품,7
1000274909169,프라이팬/냄비 최대 40% 할인,해피콜,22740,,이마트,월계점,https://www.ssg.com/item/dealItemView.ssg?itemId=1000274909169&siteNo=6001&salestrNo=2037,https://sitem.ssgcdn.com/69/91/90/item/1000274909169_i1_500.jpg,14,주목할만한 상품,7
1000044293915,[분도선택/당일도정]수향미 골든퀸3호 10kg 갓찧은쌀 오분도미 쌀눈쌀,경성미가,40890,41800,,S.COM몰,https://www.ssg.com/item/itemView.ssg?itemId=1000044293915&siteNo=6004&salestrNo=6005,https://sitem.ssgcdn.com/15/39/29/item/1000044293915_i1_500.jpg,85,주목할만한 상품,7
1000815075961,잡곡 간편스틱 모음전,씨유웰,12675,,,S.COM몰,https://www.ssg.com/item/dealItemView.ssg?itemId=1000815075961&siteNo=6001&salestrNo=6005,https://sitem.ssgcdn.com/61/59/07/item/1000815075961_i1_500.jpg,0,주목할만한 상품,7
1000021687158,"풋웨어 쓱특가 ! P-6000,V2K,코트비전 外 최대 ~50% SALE + 쿠폰혜택",나이키,114480,,신세계백화점,본점,https://www.ssg.com/item/dealItemView.ssg?itemId=1000021687158&siteNo=6009&salestrNo=1002,https://sitem.ssgcdn.com/58/71/68/item/1000021687158_i1_500.jpg,5460,주목할만한 상품,7
1000809815961,[빕스]집에서 즐기는 레스토랑 풀코스· 홈파티 한 번에 준비 끝!(폭립·스테이크·라자냐·윙봉·파스타),VIPS,27260,,,S.COM몰,https://www.ssg.com/item/dealItemView.ssg?itemId=1000809815961&siteNo=6001&salestrNo=6005,https://sitem.ssgcdn.com/61/59/81/item/1000809815961_i1_500.jpg,0,주목할만한 상품,7
1000795508249,"100% 곡물면 순솔, 할인+적립행사",순솔,22320,,,S.COM몰,https://www.ssg.com/item/dealItemView.ssg?itemId=1000795508249&siteNo=6004&salestrNo=6005,https://sitem.ssgcdn.com/49/82/50/item/1000795508249_i1_500.jpg,71,주목할만한 상품,7
1000756355229,[쓱닷컴 단독 이벤트] 비상온리원 키/초/중 0원 체험+신청 시 전원 신세계 3만+다이소 5천원 증정!,VISANG,0,,,S.COM몰,https://www.ssg.com/item/dealItemView.ssg?itemId=1000756355229&siteNo=6001&salestrNo=6005,https://sitem.ssgcdn.com/29/52/35/item/1000756355229_i1_500.jpg,0,주목할만한 상품,7
1000051008685,[단독혜택가] 26SS 인기 원피스/블라우스 ~50% OFF+추가쿠폰,마리끌레르,17920,,신세계백화점,본점,https://www.ssg.com/item/dealItemView.ssg?itemId=1000051008685&siteNo=6009&salestrNo=1002,https://sitem.ssgcdn.com/85/86/00/item/1000051008685_i1_500.jpg,709,주목할만한 상품,8
1000710834794,부드럽고 편한 여성 브라,,13500,,,emart NE.O.004,https://www.ssg.com/item/dealItemView.ssg?itemId=1000710834794&siteNo=7009&salestrNo=2551,https://sitem.ssgcdn.com/94/47/83/item/1000710834794_i1_500.jpg,102,주목할만한 상품,8
1000540015190,"버츄오 팝 GCV2 에스프레소 캡슐커피머신 화이트,블랙",네스프레소,88999,90815,,S.COM몰,https://www.ssg.com/item/itemView.ssg?itemId=1000540015190&siteNo=6004&salestrNo=6005,https://sitem.ssgcdn.com/90/51/01/item/1000540015190_i1_500.jpg,0,주목할만한 상품,8
1000808850772,[역시즌] 여성 벨티드 롱 다운 2종 택1,코오롱스포츠,318060,372000,신세계백화점,대구신세계,https://www.ssg.com/item/itemView.ssg?itemId=1000808850772&siteNo=6009&salestrNo=1019,https://sitem.ssgcdn.com/72/07/85/item/1000808850772_i1_500.jpg,16,주목할만한 상품,8
1000622346634,미국 어린이 청소년 성장기 영양제품 (피크하이트/프라임하이트/닥터스그로우업/브레인),Bone Science,65000,,,S.COM몰,https://www.ssg.com/item/dealItemView.ssg?itemId=1000622346634&siteNo=6001&salestrNo=6005,https://sitem.ssgcdn.com/34/66/34/item/1000622346634_i1_500.jpg,0,주목할만한 상품,8
1000630216311,[BEST] 26 신상 SSG 단독 메리제인/여름 슈즈 단 하루 특가  40% + 추가 쿠폰 할인!,스케쳐스,107100,,,S.COM몰,https://www.ssg.com/item/dealItemView.ssg?itemId=1000630216311&siteNo=6004&salestrNo=6005,https://sitem.ssgcdn.com/11/63/21/item/1000630216311_i1_500.jpg,0,주목할만한 상품,8
1000555454905,비타500 특가전,광동,26900,,,S.COM몰,https://www.ssg.com/item/dealItemView.ssg?itemId=1000555454905&siteNo=6001&salestrNo=6005,https://sitem.ssgcdn.com/05/49/45/item/1000555454905_i1_500.jpg,0,주목할만한 상품,8
1000145593565,양념LA갈비 500g x 2팩 외 양념육 모음전 (돈마호크/갈비/불고기),강강술래,36900,,,S.COM몰,https://www.ssg.com/item/dealItemView.ssg?itemId=1000145593565&siteNo=6004&salestrNo=6005,https://sitem.ssgcdn.com/65/35/59/item/1000145593565_i1_500.jpg,458,주목할만한 상품,8
1000050842275,[비밀특가][시몬스] 침대/매트리스/토퍼 비밀최저가,시몬스,1441150,,,S.COM몰,https://www.ssg.com/item/dealItemView.ssg?itemId=1000050842275&siteNo=6004&salestrNo=6005,https://sitem.ssgcdn.com/75/22/84/item/1000050842275_i1_500.jpg,209,주목할만한 상품,8
1000808374065,25SS 디스커버리정상가 169000 프레시벤트 여성 미드 바람막이 WJ95,디스커버리,86697,101400,신세계백화점,하남점,https://www.ssg.com/item/itemView.ssg?itemId=1000808374065&siteNo=6009&salestrNo=1018,https://sitem.ssgcdn.com/65/40/37/item/1000808374065_i1_500.jpg,16,주목할만한 상품,8
1000114810229,라이트 리플렉팅 루미나이징 블러쉬&스틱,나스,69700,,신세계백화점,본점,https://www.ssg.com/item/dealItemView.ssg?itemId=1000114810229&siteNo=6009&salestrNo=1002,https://sitem.ssgcdn.com/29/02/81/item/1000114810229_i1_500.jpg,2004,주목할만한 상품,8
1000585432400,스페인 정통 에스파듀 SSG 특가,나귀사,127067,,,S.COM몰,https://www.ssg.com/item/dealItemView.ssg?itemId=1000585432400&siteNo=6004&salestrNo=6005,https://sitem.ssgcdn.com/00/24/43/item/1000585432400_i1_500.jpg,12,주목할만한 상품,8
1000802994087,[멤버쉽전용][샤오미코리아 본사직영판매] 진공 청소기 P30,XIAOMI,94800,,,S.COM몰,https://www.ssg.com/item/itemView.ssg?itemId=1000802994087&siteNo=6004&salestrNo=6005,https://sitem.ssgcdn.com/87/40/99/item/1000802994087_i1_500.jpg,0,주목할만한 상품,8
1000727052626,봄 스타일링 제안 BEST 셔츠/폴로/팬츠 ~40%,브룩스브라더스,88655,,신세계백화점,본점,https://www.ssg.com/item/dealItemView.ssg?itemId=1000727052626&siteNo=6009&salestrNo=1002,https://sitem.ssgcdn.com/26/26/05/item/1000727052626_i1_500.jpg,0,주목할만한 상품,8
1000099293699,어른부터 키즈까지 신상 샌들/ 스니커즈 추천! + 추가할인혜택,KEEN,99000,,,S.COM몰,https://www.ssg.com/item/dealItemView.ssg?itemId=1000099293699&siteNo=6004&salestrNo=6005,https://sitem.ssgcdn.com/99/36/29/item/1000099293699_i1_500.jpg,502,주목할만한 상품,8
1000642809834,26 S/S BEST Award + 추가쿠폰 혜택,미소페,96750,,신세계백화점,본점,https://www.ssg.com/item/dealItemView.ssg?itemId=1000642809834&siteNo=6009&salestrNo=1002,https://sitem.ssgcdn.com/34/98/80/item/1000642809834_i1_500.jpg,218,주목할만한 상품,8
1000784742639,봄 에디션 출시 롤팬 NEW 오리지널 자동회전냄비 6종 택1,바이탈플랜트,100000,,,S.COM몰,https://www.ssg.com/item/itemView.ssg?itemId=1000784742639&siteNo=6004&salestrNo=6005,https://sitem.ssgcdn.com/39/26/74/item/1000784742639_i1_500.jpg,346,주목할만한 상품,8
1000052642781,26SS 신상입고! ~84%할인 + 추가 쿠폰,키플링,17100,,,S.COM몰,https://www.ssg.com/item/dealItemView.ssg?itemId=1000052642781&siteNo=6004&salestrNo=6005,https://sitem.ssgcdn.com/81/27/64/item/1000052642781_i1_500.jpg,0,주목할만한 상품,8
1000052595391,SS신상 & 이월 특가 + 최대 쿠폰,쉬즈미스,31980,,,S.COM몰,https://www.ssg.com/item/dealItemView.ssg?itemId=1000052595391&siteNo=6004&salestrNo=6005,https://sitem.ssgcdn.com/91/53/59/item/1000052595391_i1_500.jpg,0,주목할만한 상품,8
1000531423771,"산뜻하고 더 가볍게, S/S 상품 모아보기",디스커버리,26460,,,S.COM몰,https://www.ssg.com/item/dealItemView.ssg?itemId=1000531423771&siteNo=6004&salestrNo=6005,https://sitem.ssgcdn.com/71/37/42/item/1000531423771_i1_500.jpg,78,주목할만한 상품,8
1000543916614,스마트 파워 업 초고속 블렌더 CB350KR,닌자,269040,283200,,S.COM몰,https://www.ssg.com/item/itemView.ssg?itemId=1000543916614&siteNo=6004&salestrNo=6005,https://sitem.ssgcdn.com/14/66/91/item/1000543916614_i1_500.jpg,0,주목할만한 상품,8
1000052256240,"[컨버스공식]지금 필요한 컨버스, 전 연령 쓱 담기",컨버스,38123,,신세계백화점,본점,https://www.ssg.com/item/dealItemView.ssg?itemId=1000052256240&siteNo=6009&salestrNo=1002,https://sitem.ssgcdn.com/40/62/25/item/1000052256240_i1_500.jpg,470,주목할만한 상품,8
1000022755703,종가/청정원 BEST 모음,종가집,59900,,,S.COM몰,https://www.ssg.com/item/dealItemView.ssg?itemId=1000022755703&siteNo=6004&salestrNo=6005,https://sitem.ssgcdn.com/03/57/75/item/1000022755703_i1_500.jpg,634,주목할만한 상품,8
1000035498861,베이커리 인기 선물세트(쿠키 마들렌 카스테라 바나나),신라명과,9890,,,S.COM몰,https://www.ssg.com/item/dealItemView.ssg?itemId=1000035498861&siteNo=6004&salestrNo=6005,https://sitem.ssgcdn.com/61/88/49/item/1000035498861_i1_500.jpg,1039,주목할만한 상품,8
1000520791875,지금부터 쭉 입기 좋은 아우터/니트반팔 외 특가! + 최대20% 할인,헤지스레이디스,188100,,,S.COM몰,https://www.ssg.com/item/dealItemView.ssg?itemId=1000520791875&siteNo=6004&salestrNo=6005,https://sitem.ssgcdn.com/75/18/79/item/1000520791875_i1_500.jpg,0,주목할만한 상품,8
1000039778812,간절기이불부터 신상 여름이불까지 UP TO 70% OFF,세사,54870,,신세계백화점,본점,https://www.ssg.com/item/dealItemView.ssg?itemId=1000039778812&siteNo=6009&salestrNo=1002,https://sitem.ssgcdn.com/12/88/77/item/1000039778812_i1_500.jpg,17,주목할만한 상품,8
1000817283184,베스트 러닝화/워킹화 인기상품 할인,밸롭,76755,,신세계백화점,본점,https://www.ssg.com/item/dealItemView.ssg?itemId=1000817283184&siteNo=6009&salestrNo=1002,https://sitem.ssgcdn.com/84/31/28/item/1000817283184_i1_500.jpg,68,주목할만한 상품,8
1000566278144,"[26신상출시]랜턴, 서큘레이터, 선풍기 모음",크레모아,59000,,,S.COM몰,https://www.ssg.com/item/dealItemView.ssg?itemId=1000566278144&siteNo=6004&salestrNo=6005,https://sitem.ssgcdn.com/44/81/27/item/1000566278144_i1_500.jpg,81,주목할만한 상품,8
1000062734437,우리아이 이유식 인기 간식/반찬/음료 모음전,엘빈즈,25190,,,S.COM몰,https://www.ssg.com/item/dealItemView.ssg?itemId=1000062734437&siteNo=6004&salestrNo=6005,https://sitem.ssgcdn.com/37/44/73/item/1000062734437_i1_500.jpg,562,주목할만한 상품,8
1000577399140,[SSG 단독] 26년 SS신상 여성속옷 / 캡나시 / 봄스타킹 모음,마른파이브,14705,,,S.COM몰,https://www.ssg.com/item/dealItemView.ssg?itemId=1000577399140&siteNo=6004&salestrNo=6005,https://sitem.ssgcdn.com/40/91/39/item/1000577399140_i1_500.jpg,1240,주목할만한 상품,8
1000673495879,(쓱!)[SSG단독수량입고]*SS러닝화BIGSALE*뉴발란스外인기운동화최대70%할인!,뉴발란스,93150,,,S.COM몰,https://www.ssg.com/item/dealItemView.ssg?itemId=1000673495879&siteNo=6004&salestrNo=6005,https://sitem.ssgcdn.com/79/58/49/item/1000673495879_i1_500.jpg,0,주목할만한 상품,9
1000032958986,SSG 단독 혜택 포티샤 최대 정품 증정,르네휘테르,74448,,신세계백화점,본점,https://www.ssg.com/item/dealItemView.ssg?itemId=1000032958986&siteNo=6009&salestrNo=1002,https://sitem.ssgcdn.com/86/89/95/item/1000032958986_i1_500.jpg,16,주목할만한 상품,9
1000819352478,이랜드 입점 기념 아울렛 특가! 리안뉴욕/올리비아로렌 外,올리비아로렌,22378,,,S.COM몰,https://www.ssg.com/item/dealItemView.ssg?itemId=1000819352478&siteNo=6004&salestrNo=6005,https://sitem.ssgcdn.com/78/24/35/item/1000819352478_i1_500.jpg,0,주목할만한 상품,9
1000032952271,[재입고]아디다스삼바OG/도쿄/아디제로에보슬/삼바제인외운동화스니커즈딜모음전,아디다스,51562,,,S.COM몰,https://www.ssg.com/item/dealItemView.ssg?itemId=1000032952271&siteNo=6004&salestrNo=6005,https://sitem.ssgcdn.com/71/22/95/item/1000032952271_i1_500.jpg,0,주목할만한 상품,9
1000811503798,인기 여름 신상품 반팔티/린넨셔츠/슬랙스/반바지/반팔니트 外,지오다노,5950,,신세계백화점,본점,https://www.ssg.com/item/dealItemView.ssg?itemId=1000811503798&siteNo=6009&salestrNo=1002,https://sitem.ssgcdn.com/98/37/50/item/1000811503798_i1_500.jpg,15,주목할만한 상품,9
1000066366499,LA MER 나이트 에너지 리셋 듀오 [정품용량급 증정 & SSG 상품권 증정까지!],라메르,476425,,신세계백화점,본점,https://www.ssg.com/item/dealItemView.ssg?itemId=1000066366499&siteNo=6009&salestrNo=1002,https://sitem.ssgcdn.com/99/64/36/item/1000066366499_i1_500.jpg,0,주목할만한 상품,9
1000048909902,인기 제철먹거리 (고구마/토마토/망고/키위/오렌지 등),자연맛남,9900,,,S.COM몰,https://www.ssg.com/item/dealItemView.ssg?itemId=1000048909902&siteNo=6004&salestrNo=6005,https://sitem.ssgcdn.com/02/99/90/item/1000048909902_i1_500.jpg,2988,주목할만한 상품,9
1000626150001,[정품] MOVE YOUR STYLE–나이키 · 아디다스 스포츠백 컬렉션,나이키,20000,,,S.COM몰,https://www.ssg.com/item/dealItemView.ssg?itemId=1000626150001&siteNo=6004&salestrNo=6005,https://sitem.ssgcdn.com/01/00/15/item/1000626150001_i1_500.jpg,422,주목할만한 상품,9
1000815508932,음식물 처리기 모음,쿠쿠,380370,,신세계백화점,본점,https://www.ssg.com/item/dealItemView.ssg?itemId=1000815508932&siteNo=6009&salestrNo=1002,https://sitem.ssgcdn.com/32/89/50/item/1000815508932_i1_500.jpg,16,주목할만한 상품,9
1000769804596,[대부도] 동춘서커스 입장권(~26/06/30까지 이용 가능),동춘서커스,17000,,,S.COM몰,https://www.ssg.com/item/itemView.ssg?itemId=1000769804596&siteNo=6004&salestrNo=6005,https://sitem.ssgcdn.com/96/45/80/item/1000769804596_i1_500.jpg,0,주목할만한 상품,9
1000278522580,[5월 내 배송]스토케 트립트랩 하이체어+베이비세트+트레이,스토케,680000,,,S.COM몰,https://www.ssg.com/item/itemView.ssg?itemId=1000278522580&siteNo=6004&salestrNo=6005,https://sitem.ssgcdn.com/80/25/52/item/1000278522580_i1_500.jpg,13,주목할만한 상품,9
1000104351458,라피아 토트백 외 인기 아이템 특가! + 최대 ~25%할인,닥스,221400,,,S.COM몰,https://www.ssg.com/item/dealItemView.ssg?itemId=1000104351458&siteNo=6004&salestrNo=6005,https://sitem.ssgcdn.com/58/14/35/item/1000104351458_i1_500.jpg,0,주목할만한 상품,9
1000347989139,[백화점 1위  침구브랜드]본격 여/름/준/비! 여름을 위한 필수템 최대~68% SALE,코지네스트,93000,,신세계백화점,본점,https://www.ssg.com/item/dealItemView.ssg?itemId=1000347989139&siteNo=6009&salestrNo=1002,https://sitem.ssgcdn.com/39/91/98/item/1000347989139_i1_500.jpg,304,주목할만한 상품,9
1000040876433,[금주의 혜택]선물포장 ~59%OFF+추가쿠폰,스톤헨지,266400,,신세계백화점,본점,https://www.ssg.com/item/dealItemView.ssg?itemId=1000040876433&siteNo=6009&salestrNo=1002,https://sitem.ssgcdn.com/33/64/87/item/1000040876433_i1_500.jpg,0,주목할만한 상품,9
1000819033159,겜미 26SS 반팔티셔츠 4종 外 의류 모음전,,51129,,,S.COM몰,https://www.ssg.com/item/dealItemView.ssg?itemId=1000819033159&siteNo=6004&salestrNo=6005,https://sitem.ssgcdn.com/59/31/03/item/1000819033159_i1_500.jpg,552,주목할만한 상품,9
1000556909512,인기상품 특가할인 +쿠폰혜택,루즈앤라운지,88110,,신세계백화점,본점,https://www.ssg.com/item/dealItemView.ssg?itemId=1000556909512&siteNo=6009&salestrNo=1002,https://sitem.ssgcdn.com/12/95/90/item/1000556909512_i1_500.jpg,0,주목할만한 상품,9
1000048411038,장원영 PICK 외 26SS 신상 베스트 컬렉션 + 할인 쿠폰 혜택,타미진스,63793,,신세계백화점,본점,https://www.ssg.com/item/dealItemView.ssg?itemId=1000048411038&siteNo=6009&salestrNo=1002,https://sitem.ssgcdn.com/38/10/41/item/1000048411038_i1_500.jpg,0,주목할만한 상품,9
1000055213162,구찌 SSG 단독 구성,구찌 뷰티,71100,,신세계백화점,본점,https://www.ssg.com/item/dealItemView.ssg?itemId=1000055213162&siteNo=6009&salestrNo=1002,https://sitem.ssgcdn.com/62/31/21/item/1000055213162_i1_500.jpg,0,주목할만한 상품,9
1000818611093,"과 함께하는 봄맞이 티 타임,한복 가방 세트",오설록,39690,,신세계백화점,본점,https://www.ssg.com/item/dealItemView.ssg?itemId=1000818611093&siteNo=6009&salestrNo=1002,https://sitem.ssgcdn.com/93/10/61/item/1000818611093_i1_500.jpg,366,주목할만한 상품,9
1000611947834,인기 수입 오일/발사믹/시즈닝 외 미식 특가전,,72000,,신세계백화점,본점,https://www.ssg.com/item/dealItemView.ssg?itemId=1000611947834&siteNo=6009&salestrNo=1002,https://sitem.ssgcdn.com/34/78/94/item/1000611947834_i1_500.jpg,313,주목할만한 상품,9
1000818915251,일본 정통 수제 돈까스 모음전 (등심/치즈/카사네/마늘치즈/콰트로치즈),사보텐,29600,,,S.COM몰,https://www.ssg.com/item/dealItemView.ssg?itemId=1000818915251&siteNo=6004&salestrNo=6005,https://sitem.ssgcdn.com/51/52/91/item/1000818915251_i1_500.jpg,0,주목할만한 상품,9
1000308401863,진미채/볶음땅콩3.75kg 외  건어물 인기견과,너트리,15925,,,S.COM몰,https://www.ssg.com/item/dealItemView.ssg?itemId=1000308401863&siteNo=6004&salestrNo=6005,https://sitem.ssgcdn.com/63/18/40/item/1000308401863_i1_500.jpg,737,주목할만한 상품,9
1000264019521,스페셜 기프트 증정,맥,66215,,신세계백화점,본점,https://www.ssg.com/item/dealItemView.ssg?itemId=1000264019521&siteNo=6009&salestrNo=1002,https://sitem.ssgcdn.com/21/95/01/item/1000264019521_i1_500.jpg,15,주목할만한 상품,9
1000777279720,달콤한 한 입 겐츠베이커리,겐츠베이커리,30780,,신세계백화점,본점,https://www.ssg.com/item/dealItemView.ssg?itemId=1000777279720&siteNo=6009&salestrNo=1002,https://sitem.ssgcdn.com/20/97/27/item/1000777279720_i1_500.jpg,352,주목할만한 상품,9
1000529944096,"비타500, 옥수수수염차, 진한 헛개차, 썬키스트 광동 인기 음료, 간식 모음전 + 무료배송",광동,15900,,,S.COM몰,https://www.ssg.com/item/dealItemView.ssg?itemId=1000529944096&siteNo=6004&salestrNo=6005,https://sitem.ssgcdn.com/96/40/94/item/1000529944096_i1_500.jpg,28,주목할만한 상품,9
1000045401083,사랑받은 베스트 제품 최대 ~81%,칼린,41667,,,S.COM몰,https://www.ssg.com/item/dealItemView.ssg?itemId=1000045401083&siteNo=6004&salestrNo=6005,https://sitem.ssgcdn.com/83/10/40/item/1000045401083_i1_500.jpg,0,주목할만한 상품,9
1000806299657,프리 써머 단독 딜,디아도라,35105,,신세계백화점,본점,https://www.ssg.com/item/dealItemView.ssg?itemId=1000806299657&siteNo=6009&salestrNo=1002,https://sitem.ssgcdn.com/57/96/29/item/1000806299657_i1_500.jpg,317,주목할만한 상품,9
1000647092113,[아틀리에 나인] 인플루언서와 함께하는 SS 쇼핑찬스,나인(Atelier Nain),50859,,신세계백화점,본점,https://www.ssg.com/item/dealItemView.ssg?itemId=1000647092113&siteNo=6009&salestrNo=1002,https://sitem.ssgcdn.com/13/21/09/item/1000647092113_i1_500.jpg,148,주목할만한 상품,9
1000717644307,S/S 출시기념 최대59%+사계절 차렵이불/여름이불/패드/알러지케어,호무로,14450,,,S.COM몰,https://www.ssg.com/item/dealItemView.ssg?itemId=1000717644307&siteNo=6004&salestrNo=6005,https://sitem.ssgcdn.com/07/43/64/item/1000717644307_i1_500.jpg,41,주목할만한 상품,9
1000026044031,[패션슈즈] 26SS 인기아이템 팀버랜드/버켄스탁/어그샌들/닥터마틴 특별할인전,UGG,76820,,,S.COM몰,https://www.ssg.com/item/dealItemView.ssg?itemId=1000026044031&siteNo=6004&salestrNo=6005,https://sitem.ssgcdn.com/31/40/04/item/1000026044031_i1_500.jpg,34,주목할만한 상품,9
1000052592542,SS신상 & 이월 특가 + 추가 쿠폰,리스트,45050,,,S.COM몰,https://www.ssg.com/item/dealItemView.ssg?itemId=1000052592542&siteNo=6004&salestrNo=6005,https://sitem.ssgcdn.com/42/25/59/item/1000052592542_i1_500.jpg,0,주목할만한 상품,10
1000817548804,전자레인지 플랫형 23리터 MFE923TWL18,현대큐밍,101270,105500,,S.COM몰,https://www.ssg.com/item/itemView.ssg?itemId=1000817548804&siteNo=6004&salestrNo=6005,https://sitem.ssgcdn.com/04/88/54/item/1000817548804_i1_500.jpg,0,주목할만한 상품,10
1000806822600,[덕산] 리솜 스플라스 워터파크 이용권 (3.28~7.16),리솜리조트,28000,,,S.COM몰,https://www.ssg.com/item/itemView.ssg?itemId=1000806822600&siteNo=6004&salestrNo=6005,https://sitem.ssgcdn.com/00/26/82/item/1000806822600_i1_500.jpg,30,주목할만한 상품,10
1000293869155,2026 고객감사 이벤트 ~45% 특가 상품,보이스캐디,399000,,,S.COM몰,https://www.ssg.com/item/dealItemView.ssg?itemId=1000293869155&siteNo=6004&salestrNo=6005,https://sitem.ssgcdn.com/55/91/86/item/1000293869155_i1_500.jpg,28,주목할만한 상품,10
1000100302265,봄 간절기 아이템 셔츠 블라우스부터 가디건까지,H&M,15900,,,S.COM몰,https://www.ssg.com/item/dealItemView.ssg?itemId=1000100302265&siteNo=6004&salestrNo=6005,https://sitem.ssgcdn.com/65/22/30/item/1000100302265_i1_500.jpg,0,주목할만한 상품,10
1000248337722,닥스/헤지스 SS시즌 골프웨어 최대 ~57%OFF + 25%추가할인혜택!,닥스골프,67200,,,S.COM몰,https://www.ssg.com/item/dealItemView.ssg?itemId=1000248337722&siteNo=6004&salestrNo=6005,https://sitem.ssgcdn.com/22/77/33/item/1000248337722_i1_500.jpg,75,주목할만한 상품,10
1000687696945,봄신상 모자 vs 가방 특가찬스,나이키,18518,,,S.COM몰,https://www.ssg.com/item/dealItemView.ssg?itemId=1000687696945&siteNo=6004&salestrNo=6005,https://sitem.ssgcdn.com/45/69/69/item/1000687696945_i1_500.jpg,0,주목할만한 상품,10
1000024536894,[닥터 브로너스] 저자극 보습 리프레쉬 바디워시,닥터브로너스,41480,,,S.COM몰,https://www.ssg.com/item/dealItemView.ssg?itemId=1000024536894&siteNo=6004&salestrNo=6005,https://sitem.ssgcdn.com/94/68/53/item/1000024536894_i1_500.jpg,822,주목할만한 상품,10
1000028917111,스프링 컬렉션,룰루레몬,230000,,,S.COM몰,https://www.ssg.com/item/dealItemView.ssg?itemId=1000028917111&siteNo=6004&salestrNo=6005,https://sitem.ssgcdn.com/11/71/91/item/1000028917111_i1_500.jpg,0,주목할만한 상품,10
1000032553515,"앱솔뤼 드 퍼퓸, 투명함 속 더 강렬한 포뮬러",바이레도,324000,,신세계백화점,본점,https://www.ssg.com/item/dealItemView.ssg?itemId=1000032553515&siteNo=6009&salestrNo=1002,https://sitem.ssgcdn.com/15/35/55/item/1000032553515_i1_500.jpg,335,주목할만한 상품,10
1000034327864,스위스 NO.1 두피 샴푸 기획전 + 다다익선 쿠폰,라우쉬,38456,,,S.COM몰,https://www.ssg.com/item/dealItemView.ssg?itemId=1000034327864&siteNo=6004&salestrNo=6005,https://sitem.ssgcdn.com/64/78/32/item/1000034327864_i1_500.jpg,1708,주목할만한 상품,10
1000036411574,26SS 런닝 용품 운동화/백팩/모자 모음전◀,노스페이스,11400,,,S.COM몰,https://www.ssg.com/item/dealItemView.ssg?itemId=1000036411574&siteNo=6004&salestrNo=6005,https://sitem.ssgcdn.com/74/15/41/item/1000036411574_i1_500.jpg,0,주목할만한 상품,10
1000037664019,"셀럽이 애정하는 브랜드, 우아한 품격  남다른 감각",딘트,41040,,,S.COM몰,https://www.ssg.com/item/dealItemView.ssg?itemId=1000037664019&siteNo=6004&salestrNo=6005,https://sitem.ssgcdn.com/19/40/66/item/1000037664019_i1_500.jpg,31,주목할만한 상품,10
1000038154225,"[쉿!SSG비밀특가]국민육아템! 디즈니모빌, 점퍼/위고/아기체육관 모음",브라이트스타트,189000,,,S.COM몰,https://www.ssg.com/item/dealItemView.ssg?itemId=1000038154225&siteNo=6004&salestrNo=6005,https://sitem.ssgcdn.com/25/42/15/item/1000038154225_i1_500.jpg,12,주목할만한 상품,10
1000041474623,[톰 포드] NEW 쏠레이 선키스드 블러시 단독 선출시,TOM FORD BEAUTY (공식),56430,,신세계백화점,본점,https://www.ssg.com/item/dealItemView.ssg?itemId=1000041474623&siteNo=6009&salestrNo=1002,https://sitem.ssgcdn.com/23/46/47/item/1000041474623_i1_500.jpg,13,주목할만한 상품,10
1000042397418,제철과일 채소 모음 특가[참외/대저토마토/딸기/봄채소 등],다농이네,19010,,,S.COM몰,https://www.ssg.com/item/dealItemView.ssg?itemId=1000042397418&siteNo=6004&salestrNo=6005,https://sitem.ssgcdn.com/18/74/39/item/1000042397418_i1_500.jpg,3494,주목할만한 상품,10
1000043127360,실내수영복/용품 BEST 50sku,아레나,33150,,,S.COM몰,https://www.ssg.com/item/dealItemView.ssg?itemId=1000043127360&siteNo=6004&salestrNo=6005,https://sitem.ssgcdn.com/60/73/12/item/1000043127360_i1_500.jpg,105,주목할만한 상품,10
1000043354733,[플레이모빌 공식수입제품] 어린이날 선물 추천  인기 아이템 모음전 + 추가할인,플레이모빌,7920,,,S.COM몰,https://www.ssg.com/item/dealItemView.ssg?itemId=1000043354733&siteNo=6004&salestrNo=6005,https://sitem.ssgcdn.com/33/47/35/item/1000043354733_i1_500.jpg,120,주목할만한 상품,10
1000044917393,[뉴발란스 아디다스 외] 530/740/삼바/가젤/도쿄 BEST 운동화 스니커즈 50종 택일,뉴발란스,50666,,,S.COM몰,https://www.ssg.com/item/dealItemView.ssg?itemId=1000044917393&siteNo=6004&salestrNo=6005,https://sitem.ssgcdn.com/93/73/91/item/1000044917393_i1_500.jpg,0,주목할만한 상품,10
1000048446537,SSG 단독 특가  + 24% 쿠폰 혜택,메트로시티,112860,,신세계백화점,본점,https://www.ssg.com/item/dealItemView.ssg?itemId=1000048446537&siteNo=6009&salestrNo=1002,https://sitem.ssgcdn.com/37/65/44/item/1000048446537_i1_500.jpg,0,주목할만한 상품,10
1000048544818,"[정품] 뉴발란스530,740外 아디다스 인기 러닝화 운동화 최대 55% 할인",뉴발란스,64923,,,S.COM몰,https://www.ssg.com/item/dealItemView.ssg?itemId=1000048544818&siteNo=6004&salestrNo=6005,https://sitem.ssgcdn.com/18/48/54/item/1000048544818_i1_500.jpg,11,주목할만한 상품,10
1000052765166,"[스톤헨지X김지원]26SS 뉴 컬렉션 오픈, SSG 단독 물량!",스톤헨지,160200,,,S.COM몰,https://www.ssg.com/item/dealItemView.ssg?itemId=1000052765166&siteNo=6004&salestrNo=6005,https://sitem.ssgcdn.com/66/51/76/item/1000052765166_i1_500.jpg,78,주목할만한 상품,10
1000066523071,여름구스 한정 특가 外 여름이불/베개커버/패드 추천,소프라움,26319,,신세계백화점,본점,https://www.ssg.com/item/dealItemView.ssg?itemId=1000066523071&siteNo=6009&salestrNo=1002,https://sitem.ssgcdn.com/71/30/52/item/1000066523071_i1_500.jpg,10,주목할만한 상품,10
1000219477416,단독 선출시 사이프러스 앤 그레이프바인 코롱 인텐스 30ml,조 말론 런던,134473,,신세계백화점,본점,https://www.ssg.com/item/dealItemView.ssg?itemId=1000219477416&siteNo=6009&salestrNo=1002,https://sitem.ssgcdn.com/16/74/47/item/1000219477416_i1_500.jpg,993,주목할만한 상품,10
1000268036828,여름이불 연합전 최대 ~40%+즉시할인쿠폰,콤마씨,25600,,신세계백화점,본점,https://www.ssg.com/item/dealItemView.ssg?itemId=1000268036828&siteNo=6009&salestrNo=1002,https://sitem.ssgcdn.com/28/68/03/item/1000268036828_i1_500.jpg,18,주목할만한 상품,10
1000280135396,4월 제철 인기수산물 (활쭈꾸미/활꽃게/오징어/바지락 外),물맛남,41900,,,S.COM몰,https://www.ssg.com/item/dealItemView.ssg?itemId=1000280135396&siteNo=6004&salestrNo=6005,https://sitem.ssgcdn.com/96/53/13/item/1000280135396_i1_500.jpg,773,주목할만한 상품,10
1000286088026,[쓱 특가][헤이홈]스마트 홈카메라 홈캠 베이비캠 CCTV외 loT 상품 모음전,헤이홈,137286,,,S.COM몰,https://www.ssg.com/item/dealItemView.ssg?itemId=1000286088026&siteNo=6004&salestrNo=6005,https://sitem.ssgcdn.com/26/80/08/item/1000286088026_i1_500.jpg,196,주목할만한 상품,10
1000303895218,봄 니트/가디건 + 추가 할인 혜택,제너럴아이디어,33440,,,S.COM몰,https://www.ssg.com/item/dealItemView.ssg?itemId=1000303895218&siteNo=6004&salestrNo=6005,https://sitem.ssgcdn.com/18/52/89/item/1000303895218_i1_500.jpg,327,주목할만한 상품,10
1000314589021,제철신선식품 과일/채소모음,농부들의수확,15900,,,S.COM몰,https://www.ssg.com/item/dealItemView.ssg?itemId=1000314589021&siteNo=6004&salestrNo=6005,https://sitem.ssgcdn.com/21/90/58/item/1000314589021_i1_500.jpg,2400,주목할만한 상품,10
1000336508357,제철의 달콤함이 가득 이색과일,라라르떼,35820,,신세계백화점,본점,https://www.ssg.com/item/dealItemView.ssg?itemId=1000336508357&siteNo=6009&salestrNo=1002,https://sitem.ssgcdn.com/57/83/50/item/1000336508357_i1_500.jpg,78,주목할만한 상품,10
1000359910327,2026 브랜드위크 파인주얼리 추천 천연다이아 18K 골드 선물포장+쇼핑백,미꼬,632000,,,S.COM몰,https://www.ssg.com/item/dealItemView.ssg?itemId=1000359910327&siteNo=6004&salestrNo=6005,https://sitem.ssgcdn.com/27/03/91/item/1000359910327_i1_500.jpg,14,주목할만한 상품,11
1000374664346,BEST 거실&주방가구 모음전,삼익가구,579900,,,S.COM몰,https://www.ssg.com/item/dealItemView.ssg?itemId=1000374664346&siteNo=6004&salestrNo=6005,https://sitem.ssgcdn.com/46/43/66/item/1000374664346_i1_500.jpg,0,주목할만한 상품,11
1000375192213,[실크테라피] 프리미엄 헤어에센스 & LG생활건강 샴푸 바디케어 특가 모음,엘지생활건강,38340,,,S.COM몰,https://www.ssg.com/item/dealItemView.ssg?itemId=1000375192213&siteNo=6004&salestrNo=6005,https://sitem.ssgcdn.com/13/22/19/item/1000375192213_i1_500.jpg,312,주목할만한 상품,11
1000526202548,농협안심한돈/한우 모듬 꾸러미 및 선물세트 특가전,농협안심한우,33750,,신세계백화점,본점,https://www.ssg.com/item/dealItemView.ssg?itemId=1000526202548&siteNo=6009&salestrNo=1002,https://sitem.ssgcdn.com/48/25/20/item/1000526202548_i1_500.jpg,20,주목할만한 상품,11
1000530978965,SSG 단독!루이까또즈 4월 특가할인전 -50% OFF,루이까또즈,32651,,신세계백화점,본점,https://www.ssg.com/item/dealItemView.ssg?itemId=1000530978965&siteNo=6009&salestrNo=1002,https://sitem.ssgcdn.com/65/89/97/item/1000530978965_i1_500.jpg,0,주목할만한 상품,11
1000531091415,[스포틀러 공식] 홈트 BEST 인기상품 특가전,스포틀러,150350,,,S.COM몰,https://www.ssg.com/item/dealItemView.ssg?itemId=1000531091415&siteNo=6004&salestrNo=6005,https://sitem.ssgcdn.com/15/14/09/item/1000531091415_i1_500.jpg,738,주목할만한 상품,11
1000540765119,[루솔] 이유식&간편식 외 유아 인기 상품 모음전,,12800,,,S.COM몰,https://www.ssg.com/item/dealItemView.ssg?itemId=1000540765119&siteNo=6004&salestrNo=6005,https://sitem.ssgcdn.com/19/51/76/item/1000540765119_i1_500.jpg,236,주목할만한 상품,11
1000541323824,다가오는 여름 멋스럽게! 반팔티셔츠/샌들/셋업/바람막이,MLB키즈,56050,,,S.COM몰,https://www.ssg.com/item/dealItemView.ssg?itemId=1000541323824&siteNo=6004&salestrNo=6005,https://sitem.ssgcdn.com/24/38/32/item/1000541323824_i1_500.jpg,0,주목할만한 상품,11
1000543083983,[TV광고]어린이날 선물 고민 끝! 원앤원 키즈 완구 특가전! 콩지래빗/뽀로로/조이앤그로우/로보사이언 외,콩지래빗,12255,,,S.COM몰,https://www.ssg.com/item/dealItemView.ssg?itemId=1000543083983&siteNo=6004&salestrNo=6005,https://sitem.ssgcdn.com/83/39/08/item/1000543083983_i1_500.jpg,37,주목할만한 상품,11
1000544031848,*사은품 증정* [비앤비골드] 14K/18K 베스트 주얼리,비앤비골드,33800,,,S.COM몰,https://www.ssg.com/item/dealItemView.ssg?itemId=1000544031848&siteNo=6004&salestrNo=6005,https://sitem.ssgcdn.com/48/18/03/item/1000544031848_i1_500.jpg,108,주목할만한 상품,11
1000556908570,[코이] 소중한사람에게 선물하는 뷰티 기프트 세트 外 토너/크림 ~추가쿠폰+구금 혜택!,KoY,61200,,,S.COM몰,https://www.ssg.com/item/dealItemView.ssg?itemId=1000556908570&siteNo=6004&salestrNo=6005,https://sitem.ssgcdn.com/70/85/90/item/1000556908570_i1_500.jpg,216,주목할만한 상품,11
1000566660262,인기 상품 모음전,드래곤디퓨전,31299,,,S.COM몰,https://www.ssg.com/item/dealItemView.ssg?itemId=1000566660262&siteNo=6004&salestrNo=6005,https://sitem.ssgcdn.com/62/02/66/item/1000566660262_i1_500.jpg,0,주목할만한 상품,11
1000583210186,"광채&탄력 케어, PDRN 크림/앰플/미스트 外 up to ~40% off",제나벨,35900,,,S.COM몰,https://www.ssg.com/item/dealItemView.ssg?itemId=1000583210186&siteNo=6004&salestrNo=6005,https://sitem.ssgcdn.com/86/01/21/item/1000583210186_i1_500.jpg,0,주목할만한 상품,11
1000585619364,[선물포장/쇼핑백증정]MIKO 4월의 탄생석DIA 파인주얼리 추천 천연 다이아몬드 쥬얼리,미꼬,626040,,신세계백화점,본점,https://www.ssg.com/item/dealItemView.ssg?itemId=1000585619364&siteNo=6009&salestrNo=1002,https://sitem.ssgcdn.com/64/93/61/item/1000585619364_i1_500.jpg,0,주목할만한 상품,11
1000586540098,14k·18k BEST 랩다이아 주얼리 핫딜 + 사은품,도로시,127970,,,S.COM몰,https://www.ssg.com/item/dealItemView.ssg?itemId=1000586540098&siteNo=6004&salestrNo=6005,https://sitem.ssgcdn.com/98/00/54/item/1000586540098_i1_500.jpg,41,주목할만한 상품,11
1000593294858,[푸마/카파 외] 글로벌 브랜드 초특가 ~87%,푸마,6555,,,S.COM몰,https://www.ssg.com/item/dealItemView.ssg?itemId=1000593294858&siteNo=6004&salestrNo=6005,https://sitem.ssgcdn.com/58/48/29/item/1000593294858_i1_500.jpg,0,주목할만한 상품,11
1000600244183,환절기 추천 아이템 + 추가 쿠폰,샌드사운드,145992,,,S.COM몰,https://www.ssg.com/item/dealItemView.ssg?itemId=1000600244183&siteNo=6004&salestrNo=6005,https://sitem.ssgcdn.com/83/41/24/item/1000600244183_i1_500.jpg,0,주목할만한 상품,11
1000616043995,"LVMH 럭셔리 뷰티 위크 스프링 뷰티, 마음을 전하는 기프트",,39568,,신세계백화점,본점,https://www.ssg.com/item/dealItemView.ssg?itemId=1000616043995&siteNo=6009&salestrNo=1002,https://sitem.ssgcdn.com/95/39/04/item/1000616043995_i1_500.jpg,42,주목할만한 상품,11
1000621729838,어린이날 애착인형 특가전,카카오프렌즈,29750,,,S.COM몰,https://www.ssg.com/item/dealItemView.ssg?itemId=1000621729838&siteNo=6004&salestrNo=6005,https://sitem.ssgcdn.com/38/98/72/item/1000621729838_i1_500.jpg,12,주목할만한 상품,11
1000625381712,KBO X 롯데 빼빼로 10개구단 5종 골라담기,롯데웰푸드,15900,,,S.COM몰,https://www.ssg.com/item/dealItemView.ssg?itemId=1000625381712&siteNo=6004&salestrNo=6005,https://sitem.ssgcdn.com/12/17/38/item/1000625381712_i1_500.jpg,0,주목할만한 상품,11
1000647486973,[블루독패밀리]SS세일 키즈&베이비 특가찬스 키즈바람막이/상하복/반팔티,블루독,37920,,,S.COM몰,https://www.ssg.com/item/dealItemView.ssg?itemId=1000647486973&siteNo=6004&salestrNo=6005,https://sitem.ssgcdn.com/73/69/48/item/1000647486973_i1_500.jpg,146,주목할만한 상품,11
1000680483177,홍콩직구 1+1 클라란스/에스티로더 화장품모음,에스티로더,170900,,,S.COM몰,https://www.ssg.com/item/dealItemView.ssg?itemId=1000680483177&siteNo=6004&salestrNo=6005,https://sitem.ssgcdn.com/77/31/48/item/1000680483177_i1_500.jpg,284,주목할만한 상품,11
1000687453664,[노스페이스 공식]키즈/성인 BEST 이월 상품 제안!,노스페이스,33150,,,S.COM몰,https://www.ssg.com/item/dealItemView.ssg?itemId=1000687453664&siteNo=6004&salestrNo=6005,https://sitem.ssgcdn.com/64/36/45/item/1000687453664_i1_500.jpg,184,주목할만한 상품,11
1000687724913,디자인 리빙 가구 인기 렌탈 페어 + 최대 상품권 + 제휴카드 할인,인홈,0,,,S.COM몰,https://www.ssg.com/item/dealItemView.ssg?itemId=1000687724913&siteNo=6004&salestrNo=6005,https://sitem.ssgcdn.com/13/49/72/item/1000687724913_i1_500.jpg,0,주목할만한 상품,11
1000696418530,[헤드폰1+1] 뮤디스 전자 디지털피아노 MK-5 해머건반 88건반 가정용 슬림디자인,뮤디스,499000,,,S.COM몰,https://www.ssg.com/item/itemView.ssg?itemId=1000696418530&siteNo=6004&salestrNo=6005,https://sitem.ssgcdn.com/30/85/41/item/1000696418530_i1_500.jpg,0,주목할만한 상품,11
1000702512868,레모나 비타민C 단독 구성&단독 혜택,경남제약,9410,,,S.COM몰,https://www.ssg.com/item/dealItemView.ssg?itemId=1000702512868&siteNo=6004&salestrNo=6005,https://sitem.ssgcdn.com/68/28/51/item/1000702512868_i1_500.jpg,54,주목할만한 상품,11
1000710861517,여행용캐리어 20인치 24인치 28인치 기내용 수화물용 PC 여행가방,브라이튼,189008,,,S.COM몰,https://www.ssg.com/item/dealItemView.ssg?itemId=1000710861517&siteNo=6004&salestrNo=6005,https://sitem.ssgcdn.com/17/15/86/item/1000710861517_i1_500.jpg,0,주목할만한 상품,11
1000712983806,[지움 ZIUM] 차량형 방문 매트리스 /쇼파/카펫트 클리닝 – 청소·살균·건조까지 한 번에! 케어즉시 사용가능! 서울/인천/양주/일산/분당/수도권전지역/충청/대구/광주/,지움,29100,30000,,S.COM몰,https://www.ssg.com/item/itemView.ssg?itemId=1000712983806&siteNo=6004&salestrNo=6005,https://sitem.ssgcdn.com/06/38/98/item/1000712983806_i1_500.jpg,0,주목할만한 상품,11
1000717198075,[플레이모빌] 어린이날 기프트 페스티벌 완구 대전 / 최대 40%할인 + 추가할인,아이큐박스,18000,,신세계백화점,본점,https://www.ssg.com/item/dealItemView.ssg?itemId=1000717198075&siteNo=6009&salestrNo=1002,https://sitem.ssgcdn.com/75/80/19/item/1000717198075_i1_500.jpg,0,주목할만한 상품,11
1000722667618,가전 구독/렌탈 최대 35만원 혜택+배달의민족 2만원 쿠폰+구독료 6개월 반값+타사보상 2만원까지,LG,0,,,S.COM몰,https://www.ssg.com/item/dealItemView.ssg?itemId=1000722667618&siteNo=6004&salestrNo=6005,https://sitem.ssgcdn.com/18/76/66/item/1000722667618_i1_500.jpg,68,주목할만한 상품,11
1000725641466,남성 BEST 기획전 스프레이/왁스/기름종이 외 ~,갸스비,17500,,,S.COM몰,https://www.ssg.com/item/dealItemView.ssg?itemId=1000725641466&siteNo=6004&salestrNo=6005,https://sitem.ssgcdn.com/66/14/64/item/1000725641466_i1_500.jpg,0,주목할만한 상품,12
1000736712175,S/S 신상&베스트 로퍼/펌프스/슬링백/컴포트 특가전 (무료배송),엘칸토,31200,,,S.COM몰,https://www.ssg.com/item/dealItemView.ssg?itemId=1000736712175&siteNo=6004&salestrNo=6005,https://sitem.ssgcdn.com/75/21/71/item/1000736712175_i1_500.jpg,98,주목할만한 상품,12
1000739304037,[신세계 광주] 뉴에라 셀럽착용 베스트 인기템전,뉴에라,64303,,신세계백화점,본점,https://www.ssg.com/item/dealItemView.ssg?itemId=1000739304037&siteNo=6009&salestrNo=1002,https://sitem.ssgcdn.com/37/40/30/item/1000739304037_i1_500.jpg,0,주목할만한 상품,12
1000741675701,매직시리즈 할인,큐블로,98000,,,S.COM몰,https://www.ssg.com/item/dealItemView.ssg?itemId=1000741675701&siteNo=6004&salestrNo=6005,https://sitem.ssgcdn.com/01/57/67/item/1000741675701_i1_500.jpg,0,주목할만한 상품,12
1000754589657,/타이니코튼 유럽 키즈 브랜드 아울렛 최대 50%,보보쇼즈,108500,,,S.COM몰,https://www.ssg.com/item/dealItemView.ssg?itemId=1000754589657&siteNo=6004&salestrNo=6005,https://sitem.ssgcdn.com/57/96/58/item/1000754589657_i1_500.jpg,0,주목할만한 상품,12
1000759098033,인기상품 모음,풀무원,49900,,,S.COM몰,https://www.ssg.com/item/dealItemView.ssg?itemId=1000759098033&siteNo=6004&salestrNo=6005,https://sitem.ssgcdn.com/33/80/09/item/1000759098033_i1_500.jpg,709,주목할만한 상품,12
1000765892283,달여만든 국산 무농약 도라지배즙/NFC 착즙주스/무첨가 유기농 과채주스,오가닉디노,23840,,,S.COM몰,https://www.ssg.com/item/dealItemView.ssg?itemId=1000765892283&siteNo=6004&salestrNo=6005,https://sitem.ssgcdn.com/83/22/89/item/1000765892283_i1_500.jpg,29,주목할만한 상품,12
1000769006158,유아동 수영복 최대 20% 할인,스윔마베베,73582,,,S.COM몰,https://www.ssg.com/item/dealItemView.ssg?itemId=1000769006158&siteNo=6004&salestrNo=6005,https://sitem.ssgcdn.com/58/61/00/item/1000769006158_i1_500.jpg,35,주목할만한 상품,12
1000774229176,"[SSG핫딜] 유치원 필수템! 스테판조셉  빨대물병, 도시락 등",스테판조셉,17363,,,S.COM몰,https://www.ssg.com/item/dealItemView.ssg?itemId=1000774229176&siteNo=6004&salestrNo=6005,https://sitem.ssgcdn.com/76/91/22/item/1000774229176_i1_500.jpg,11,주목할만한 상품,12
1000774887686,[비밀특가][지누스] BEST 침대/매트리스/토퍼 SSG특가,지누스,161103,,,S.COM몰,https://www.ssg.com/item/dealItemView.ssg?itemId=1000774887686&siteNo=6004&salestrNo=6005,https://sitem.ssgcdn.com/86/76/88/item/1000774887686_i1_500.jpg,90,주목할만한 상품,12
1000783241138,여름 상품 기획전,더하우스,113050,,신세계백화점,본점,https://www.ssg.com/item/dealItemView.ssg?itemId=1000783241138&siteNo=6009&salestrNo=1002,https://sitem.ssgcdn.com/38/11/24/item/1000783241138_i1_500.jpg,0,주목할만한 상품,12
1000783687531,수분천재 에스네이처_성시경PICK추천,에스네이처,18810,,,S.COM몰,https://www.ssg.com/item/dealItemView.ssg?itemId=1000783687531&siteNo=6004&salestrNo=6005,https://sitem.ssgcdn.com/31/75/68/item/1000783687531_i1_500.jpg,230,주목할만한 상품,12
1000784132608,"2026년  테일러메이드, 볼빅 및 캘러웨이 용품 추천",볼빅,22000,,,S.COM몰,https://www.ssg.com/item/dealItemView.ssg?itemId=1000784132608&siteNo=6004&salestrNo=6005,https://sitem.ssgcdn.com/08/26/13/item/1000784132608_i1_500.jpg,266,주목할만한 상품,12
1000791753862,[멤버쉽전용][샤오미코리아 본사직영판매]올인원 로봇청소기 X20+ / TÜV 보안인증,XIAOMI,529000,,,S.COM몰,https://www.ssg.com/item/itemView.ssg?itemId=1000791753862&siteNo=6004&salestrNo=6005,https://sitem.ssgcdn.com/62/38/75/item/1000791753862_i1_500.jpg,0,주목할만한 상품,12
1000800164549,/아디다스/뉴발란스 외 스포츠 인기 브랜드,나이키,178262,,,S.COM몰,https://www.ssg.com/item/dealItemView.ssg?itemId=1000800164549&siteNo=6004&salestrNo=6005,https://sitem.ssgcdn.com/49/45/16/item/1000800164549_i1_500.jpg,257,주목할만한 상품,12
1000806193964,건강식품모음전,대상웰라이프,25900,,,S.COM몰,https://www.ssg.com/item/dealItemView.ssg?itemId=1000806193964&siteNo=6004&salestrNo=6005,https://sitem.ssgcdn.com/64/39/19/item/1000806193964_i1_500.jpg,0,주목할만한 상품,12
1000806819159,하이퍼셀 리포좀 비타민C 外 BEST,뉴트리코어,197810,,,S.COM몰,https://www.ssg.com/item/dealItemView.ssg?itemId=1000806819159&siteNo=6004&salestrNo=6005,https://sitem.ssgcdn.com/59/91/81/item/1000806819159_i1_500.jpg,14,주목할만한 상품,12
1000808818655,플리츠위크  벚꽃 플리츠 봄맞이 특가전,요이츠,8415,,신세계백화점,본점,https://www.ssg.com/item/dealItemView.ssg?itemId=1000808818655&siteNo=6009&salestrNo=1002,https://sitem.ssgcdn.com/55/86/81/item/1000808818655_i1_500.jpg,21,주목할만한 상품,12
1000809784161,프리미엄 디저트 화과방,스위트라운지,35910,,신세계백화점,본점,https://www.ssg.com/item/dealItemView.ssg?itemId=1000809784161&siteNo=6009&salestrNo=1002,https://sitem.ssgcdn.com/61/41/78/item/1000809784161_i1_500.jpg,23,주목할만한 상품,12
1000811112747,콘드로이친 외 건강식품 15% 할인 + 양배추정 증정,유케어핏,23800,,,S.COM몰,https://www.ssg.com/item/dealItemView.ssg?itemId=1000811112747&siteNo=6004&salestrNo=6005,https://sitem.ssgcdn.com/47/27/11/item/1000811112747_i1_500.jpg,64,주목할만한 상품,12
1000811537664,"[럭키박스][15% 쿠폰 적용가 : 31,365원]센시비오 H2O 500ml x2(펌프형)+[증정]세비엄 H20 100ml(9,500원 상당)+화장솜 40매 증정",바이오더마,36900,,,S.COM몰,https://www.ssg.com/item/itemView.ssg?itemId=1000811537664&siteNo=6004&salestrNo=6005,https://sitem.ssgcdn.com/64/76/53/item/1000811537664_i1_500.jpg,0,주목할만한 상품,12
1000811537834,"[럭키박스][15% 쿠폰 적용가 : 51,850원]아토덤 인텐시브밤 500ml+500ml+[증정] 아토덤 릭스틱 1개(12,000원 상당)",바이오더마,61000,,,S.COM몰,https://www.ssg.com/item/itemView.ssg?itemId=1000811537834&siteNo=6004&salestrNo=6005,https://sitem.ssgcdn.com/34/78/53/item/1000811537834_i1_500.jpg,0,주목할만한 상품,12
1000812442651,26SS 제이린드버그 골프백 & 액세서리 모음전,제이린드버그,67944,,,S.COM몰,https://www.ssg.com/item/dealItemView.ssg?itemId=1000812442651&siteNo=6004&salestrNo=6005,https://sitem.ssgcdn.com/51/26/44/item/1000812442651_i1_500.jpg,0,주목할만한 상품,12
1000814461846,[조선호텔김치] 프리미엄 조선호텔 겉절이 500g,조선호텔,13900,18000,,S.COM몰,https://www.ssg.com/item/itemView.ssg?itemId=1000814461846&siteNo=6004&salestrNo=6005,https://sitem.ssgcdn.com/46/18/46/item/1000814461846_i1_500.jpg,0,주목할만한 상품,12
1000815567715,[바로배송]쿠가 어사품 횡성한우 냉장 2등급 구이 특가 할인,쿠가횡성한우,23850,,,S.COM몰,https://www.ssg.com/item/dealItemView.ssg?itemId=1000815567715&siteNo=6004&salestrNo=6005,https://sitem.ssgcdn.com/15/77/56/item/1000815567715_i1_500.jpg,0,주목할만한 상품,12
1000815621973,미니 메신저백 모음전 + 추가 즉시할인 혜택,르꼬끄,26860,,신세계백화점,본점,https://www.ssg.com/item/dealItemView.ssg?itemId=1000815621973&siteNo=6009&salestrNo=1002,https://sitem.ssgcdn.com/73/19/62/item/1000815621973_i1_500.jpg,0,주목할만한 상품,12
1000815680483,26ss 키즈 베이비 모음전,보보쇼즈,202478,,,S.COM몰,https://www.ssg.com/item/dealItemView.ssg?itemId=1000815680483&siteNo=6004&salestrNo=6005,https://sitem.ssgcdn.com/83/04/68/item/1000815680483_i1_500.jpg,70,주목할만한 상품,12
1000816424811,[낫소] 봄 신상 운동화 슬립온 슬리퍼 샌들 모음전,건종,12900,,,S.COM몰,https://www.ssg.com/item/dealItemView.ssg?itemId=1000816424811&siteNo=6004&salestrNo=6005,https://sitem.ssgcdn.com/11/48/42/item/1000816424811_i1_500.jpg,0,주목할만한 상품,12
1000816481807,[SSG 단독] 유아동 봄 신상 할인! 0-4세  상하복/바디수트/가디건 외 다양한 의류,빌리,26010,,신세계백화점,본점,https://www.ssg.com/item/dealItemView.ssg?itemId=1000816481807&siteNo=6009&salestrNo=1002,https://sitem.ssgcdn.com/07/18/48/item/1000816481807_i1_500.jpg,0,주목할만한 상품,12
1000816526122,26년도 봄 인기 신상 모음,매긴,39950,,신세계백화점,본점,https://www.ssg.com/item/dealItemView.ssg?itemId=1000816526122&siteNo=6009&salestrNo=1002,https://sitem.ssgcdn.com/22/61/52/item/1000816526122_i1_500.jpg,0,주목할만한 상품,12
1000817525003,입점기념 20%OFF 여아드레스/헤어밴드 등,유니엘,58344,,,S.COM몰,https://www.ssg.com/item/dealItemView.ssg?itemId=1000817525003&siteNo=6004&salestrNo=6005,https://sitem.ssgcdn.com/03/50/52/item/1000817525003_i1_500.jpg,0,주목할만한 상품,13
1000817527609,[온라인전용] 남여 골프 PK티셔츠,볼빅,57424,,,S.COM몰,https://www.ssg.com/item/dealItemView.ssg?itemId=1000817527609&siteNo=6004&salestrNo=6005,https://sitem.ssgcdn.com/09/76/52/item/1000817527609_i1_500.jpg,0,주목할만한 상품,13
1000817588343,"다낭성, 생리주기 케어 필수 여성 식품 이너시아 이노시톨",이너시아,27720,,,S.COM몰,https://www.ssg.com/item/dealItemView.ssg?itemId=1000817588343&siteNo=6004&salestrNo=6005,https://sitem.ssgcdn.com/43/83/58/item/1000817588343_i1_500.jpg,0,주목할만한 상품,13
1000818115143,아델리 샌들 2컬러,내셔널지오그래픽키즈,42336,49000,신세계백화점,대전신세계,https://www.ssg.com/item/itemView.ssg?itemId=1000818115143&siteNo=6009&salestrNo=1024,https://sitem.ssgcdn.com/43/51/11/item/1000818115143_i1_500.jpg,0,주목할만한 상품,13
1000818520291,"[구찌/미우미우/발렌시아가 외] 독일 직구 아울렛 특가 여름 슈즈 추천 ! SS 샌들, 플립플랍, 플랫 모음딜",구찌,251650,,,S.COM몰,https://www.ssg.com/item/dealItemView.ssg?itemId=1000818520291&siteNo=6004&salestrNo=6005,https://sitem.ssgcdn.com/91/02/52/item/1000818520291_i1_500.jpg,0,주목할만한 상품,13
1000818581157,CJ온스타일 홈쇼핑 한상궁 김치 행사,,51750,,,S.COM몰,https://www.ssg.com/item/dealItemView.ssg?itemId=1000818581157&siteNo=6004&salestrNo=6005,https://sitem.ssgcdn.com/57/11/58/item/1000818581157_i1_500.jpg,0,주목할만한 상품,13
1000818615293,시카 엘릭서 라방 기념 역대급 할인,라비앙,16200,,,S.COM몰,https://www.ssg.com/item/dealItemView.ssg?itemId=1000818615293&siteNo=6004&salestrNo=6005,https://sitem.ssgcdn.com/93/52/61/item/1000818615293_i1_500.jpg,17,주목할만한 상품,13
1000819006544,S/S 신상품/화동드레스/어린이날 드레스,키앙,26100,,신세계백화점,본점,https://www.ssg.com/item/dealItemView.ssg?itemId=1000819006544&siteNo=6009&salestrNo=1002,https://sitem.ssgcdn.com/44/65/00/item/1000819006544_i1_500.jpg,15,주목할만한 상품,13
1000819298841,유산균 외 홈쇼핑 세일,,139748,,,S.COM몰,https://www.ssg.com/item/dealItemView.ssg?itemId=1000819298841&siteNo=6004&salestrNo=6005,https://sitem.ssgcdn.com/41/88/29/item/1000819298841_i1_500.jpg,1876,주목할만한 상품,13
1000819395599,"대림바스 브랜드 욕실, 주방 필터 기획전",DAELIM,24225,,,S.COM몰,https://www.ssg.com/item/dealItemView.ssg?itemId=1000819395599&siteNo=6004&salestrNo=6005,https://sitem.ssgcdn.com/99/55/39/item/1000819395599_i1_500.jpg,0,주목할만한 상품,13
1000819442184,스타필드에서 준비한 SS특가 ~70% OFF+12%쿠폰까지,LAP,11352,,,S.COM몰,https://www.ssg.com/item/dealItemView.ssg?itemId=1000819442184&siteNo=6004&salestrNo=6005,https://sitem.ssgcdn.com/84/21/44/item/1000819442184_i1_500.jpg,0,주목할만한 상품,13
